play_id,played_at,artist_name,track_name,genre,country,device,skipped,minutes played 
2158,25-12-2025,Northern Signal,Amber Lines,Electronic,Norway,PHONE,0,6.36
1738,2025-08-16,Basement Cartography,Summer Season,INDIE,Canada,speaker,0,1.56
90,2024-01-23,DJ Kompas,Electric Mornings,  Electronic ,Netherlands,phone,0,4.71
2164,2025-12-26,Sara Lindqvist,Midnight Orbit,POP,Sweden,car,1,0.70
1214,2025-01-28,Selva Alta,Harbour Lines,LATIN,Peru,SPEAKER,0,5.0
677,16/08/2024,The Paper Kites Society,Hollow Letters,Indie,Australia,laptop,1,0.21
1938,2025-10-28,Basement Cartography,Broken Kitchen,Indie,Canada,laptop,0,2.27
1302,03/03/2025,The Slow Ferry,Velvet Season,Indie,Ireland,phone,0,4.52
1775,2025-09-06,DJ Kompas,Bright Ferry,Electronic,Netherlands,laptop,1,1.7
306,2024-03-28,Nora Whitlock,Northern Rooms,Pop,United States,phone,0,2.86
665,2024-08-12,Sara Lindqvist,Slow Mornings,Pop,Sweden,speaker,0,6.25
990,2024-11-17,Fjord & Flint,Broken Radio,FOLK,Norway,phone ,0,4.22
935,2024-10-31,DJ Kompas,Hollow Radio,ELECTRONIC,Netherlands,car,0,5.28
2056,2025-11-26,Fjord & Flint,Summer Wires,Folk,Norway,phone,1,0.46
1250,2025-02-09,Sara Lindqvist,Electric Weather,Pop,Sweden,speaker,0,3.38
1521,2025-05-11,Bright Utility,Broken Machines,Indie,United Kingdom,speaker ,0,2.69
1203,2025-01-25,The Quiet Wires,Open Mornings,rock,United States,laptop,0,4.2
369,2024-04-18,Lagos Tape Club,Velvet Avenue,AFROBEAT,Nigeria,phone,0,5.99
871,2024-10-17,DJ Kompas,Harbour Kitchen,ELECTRONIC,Netherlands,speaker ,0,9.42
2029,2025-11-19,Glass Tram,Salt Lines,Electronic,Germany,phone,0,6.91 min
616,2024-07-19,DJ Kompas,Golden Weather,Electronic,Netherlands,PHONE,0,3.81
1764,03/09/2025,Lagos Tape Club,Hollow Ferry,AFROBEAT,Nigeria,phone,1,0.23
670,2024-08-13,Sara Lindqvist,Electric Weather,pop,Sweden,laptop,0,3.91
358,2024-04-14,Glass Tram,Broken Mornings,ELECTRONIC,Germany,laptop,0,5.16
1424,2025-04-12,DJ Kompas,Bright Ferry,ELECTRONIC,Netherlands,phone,0,4.51 min
1862,2025-10-05,Sara Lindqvist,Summer Tape,Pop,Sweden,phone,0,4.43
1580,2025-05-29,Glass Tram,Broken Lines,Electronic,Germany,car,0,5.56
1265,2025-02-14,Sara Lindqvist,Quiet Harbour,pop,Sweden,phone,0,4.47
435,2024-05-09,Yuki Tanaka Trio,Golden Machines,Jazz,Japan,phone,0,5.56
2008,2025-11-14,The Tuesday Club,Paper Season,Pop,United Kingdom,phone ,0,3.29
1410,03-04-2025,The Quiet Wires,Northern Tape,rock,United States,speaker,0,6.42
1790,09/09/2025,Northern Signal,Electric Avenue,Electronic,Norway,SPEAKER,0,1.25
130,2024-02-04,Fjord & Flint,Blue Avenue,folk,Norway,PHONE,0,3.08 min
857,2024-10-13,Static Meadow,Salt Mornings,Rock,United States,LAPTOP,0,3.23
1282,2025-02-22,Northern Signal,Amber Lines,Electronic,Norway,tablet,1,1.24
1882,2025-10-13,The Slow Ferry,Amber Garden,Indie,Ireland,speaker,1,1.44
1047,2024-12-05,The Long Commute,Amber Kitchen,Indie,Netherlands,speaker,0,4.4
1864,2025-10-06,Marta Oliveira,Electric Window,Jazz,Portugal,phone,0,6.57
234,2024-03-10,Glass Tram,Broken Lines,Electronic,Germany,phone,0,6.0
566,26/06/2024,Basement Cartography,Iron Traffic,indie,Canada,speaker,0,5.42
514,2024-06-04,Luz de Enero,Paper Window,Latin,Spain,CAR,0,
2140,19-12-2025,Fjord & Flint,Open Orbit,Folk,Norway,TABLET ,0,4.07
1792,2025-09-10,Orquesta Bellavista,Open Orbit,LATIN,Colombia,phone,0,2.75
594,06/07/2024,DJ Kompas,Quiet Orbit,ELECTRONIC,Netherlands,phone,0,6.82
735,2024-09-06,Mireille Basset,Static Signal,Jazz,France,tablet ,0,7.45
1194,21/01/2025,Pale Cartography,Blue Signal,Folk,Canada,tablet,0,0.98
2043,2025-11-22,Glass Tram,Salt Lines,electronic,Germany,phone,0,2.8
242,2024-03-13,Sara Lindqvist,Golden Harbour,pop,Sweden,CAR,0,2.68
1802,2025-09-14,Static Meadow,Northern Avenue,ROCK,United States,phone,0,3.82
314,2024-03-30,Nora Whitlock,Bright Garden,POP,United States,laptop,0,4.04 min
562,2024-06-25,Selva Alta,Harbour Lines,Latin,Peru,PHONE,0,3.84
78,2024-01-20,Sara Lindqvist,Quiet Harbour,Pop,Sweden,phone,0,3.79
989,2024-11-16,Yuki Tanaka Trio,Golden Window,  Jazz ,Japan,PHONE ,0,8.2
658,2024-08-08,Glass Tram,Salt Lines,Electronic,Germany,phone,0,
1279,2025-02-19,DJ Kompas,Midnight Weather,ELECTRONIC,Netherlands,phone,0,9.69 min
1216,2025-01-28,DJ Kompas,Golden Weather,Electronic,Netherlands,phone,0,3.88
492,2024-05-28,Glass Tram,Broken Mornings,,Germany,phone ,0,8.04
858,2024-10-13,Nora Whitlock,Northern Machines,Pop,United States,car,0,5.34
1155,10-01-2025,DJ Kompas,Paper Rooms,Electronic,Netherlands,speaker,0,6.89
998,19-11-2024,Fjord & Flint,Golden Garden,,Norway,phone,0,4.27
547,2024-06-17,Sara Lindqvist,Slow Mornings,Pop,Sweden,,0,3.58
495,29-05-2024,Brannon Hill,Static Weather,Folk,Ireland,phone,0,4.42
674,2024-08-15,Fjord & Flint,Midnight Kitchen,Folk,Norway,car,0,3.67
1398,2025-03-30,Static Meadow,Amber Tape,Rock,United States,laptop,0,3.62
283,2024-03-24,Nora Whitlock,Bright Garden,pop,United States,speaker,1,0.15
1056,2024-12-09,The Long Commute,Hollow Mornings,Indie,Netherlands,phone,0,2.6
1744,2025-08-21,Glass Tram,Broken Lines,ELECTRONIC,Germany,speaker,0,3.53
1045,2024-12-04,Yuki Tanaka Trio,Harbour Season,jazz,Japan,laptop,0,9.16
1643,2025-06-30,Northern Signal,Winter Wires,Electronic,Norway,phone ,0,8.17
2082,2025-12-02,Kito Ndungu,Electric Traffic,afrobeat,Kenya,laptop,0,5.26
112,30/01/2024,Fjord & Flint,Blue Ferry,  Folk ,Norway,phone,0,
1127,2025-01-02,Brannon Hill,Quiet Ferry,Folk,Ireland,speaker,0,0.84
894,2024-10-21,Sara Lindqvist,Quiet Harbour,Pop,Sweden,phone,0,3.32
267,21-03-2024,Sara Lindqvist,Slow Mornings,Pop,Sweden,speaker,1,0.69
2030,2025-11-19,Fjord & Flint,Midnight Kitchen,FOLK,Norway,PHONE,0,3.54
1126,2025-01-02,Glass Tram,Salt Lines,electronic,Germany,phone,0,3.57
1332,2025-03-13,Bright Utility,Winter Window,indie,United Kingdom,speaker,0,3.06
1172,2025-01-14,Glass Tram,Salt Lines,Electronic,Germany,speaker,1,0.85
1215,2025-01-28,The Quiet Wires,Golden Season,Rock,United States,phone ,0,5.21
1912,2025-10-20,Fjord & Flint,Golden Garden,Folk,Norway,phone,0,4.92
263,20/03/2024,Hollow Pines,Salt Harbour,folk,United States,PHONE,0,4.02
58,2024-01-15,Rosewood Lane,Slow Rooms,Folk,United Kingdom,phone,0,4.72
964,2024-11-09,Northern Signal,Winter Wires,Electronic,Norway,laptop,0,7.75
114,2024-01-31,Glass Tram,Salt Lines,Electronic,Germany,phone,0,7.94
2018,2025-11-16,DJ Kompas,Harbour Kitchen,electronic,Netherlands,phone,0,6.78
2012,2025-11-14,DJ Kompas,Quiet Orbit,Electronic,Netherlands,speaker,0,7.98
776,2024-09-19,Lagos Tape Club,Bright Wires,  Afrobeat ,Nigeria,laptop,1,1.19
588,2024-07-02,Yuki Tanaka Trio,Northern Window,Jazz,Japan,speaker,0,4.44
1941,2025-10-29,Hollow Pines,Midnight Harbour,,United States,laptop,0,1.41
1506,2025-05-07,Glass Tram,Broken Mornings,ELECTRONIC,Germany,laptop,0,6.81 min
1816,2025-09-19,Lagos Tape Club,Hollow Ferry,Afrobeat,Nigeria,car,1,0.41
1837,2025-09-28,Mireille Basset,Static Signal,JAZZ,France,laptop,0,7.88
753,2024-09-14,Bright Utility,Broken Machines,INDIE,NA,phone,0,3.64
1334,2025-03-14,Fjord & Flint,Open Orbit,Folk,Norway,phone,0,1.77
1859,2025-10-04,Rosewood Lane,Slow Rooms,FOLK,United Kingdom,speaker,0,
251,2024-03-16,DJ Kompas,Quiet Orbit,Electronic,Netherlands,phone,1,0.96
1944,2025-10-29,Glass Tram,Amber Ferry,  Electronic ,Germany,PHONE,1,0.7
1619,2025-06-14,Sara Lindqvist,Northern Radio,pop,Sweden,phone,0,3.21
1640,2025-06-28,Nora Whitlock,Northern Machines,pop,United States,phone ,0,1.1
617,2024-07-19,Sara Lindqvist,Summer Tape,Pop,Sweden,phone,0,2.17
744,2024-09-08,Yuki Tanaka Trio,Harbour Season,JAZZ,Japan,LAPTOP,0,8.72
1305,04/03/2025,Fjord & Flint,Northern Avenue,Folk,Norway,laptop,0,3.56
150,2024-02-11,Rosewood Lane,Summer Signal,Folk,United Kingdom,phone,0,3.01
1003,2024-11-22,Selva Alta,Harbour Orbit,latin,Peru,SPEAKER,0,3.26
673,14/08/2024,Yuki Tanaka Trio,Winter Parade,jazz,Japan,phone,0,8.1
1986,2025-11-09,The Slow Ferry,Winter Weather,INDIE,Ireland,phone ,0,4.58
943,2024-11-02,Glass Tram,Salt Lines,Electronic,Germany,speaker,1,0.68
1787,2025-09-09,Glass Tram,Broken Mornings,Electronic,Germany,,0,7.2
878,2024-10-18,Kito Ndungu,Northern Rooms,Afrobeat,Kenya,PHONE,1,0.23
1723,2025-08-10,Static Meadow,Bright Traffic,ROCK,United States,PHONE,0,1.3
170,2024-02-16,Fjord & Flint,Northern Avenue,  Folk ,Norway,LAPTOP,0,5.7
321,2024-04-01,Brannon Hill,Northern Machines,Folk,Ireland,phone,0,3.73
973,2024-11-12,Cassette Revival,Salt Season,indie,France,phone,0,1.39
2039,2025-11-21,Glass Tram,Broken Mornings,ELECTRONIC,Germany,speaker,0,5.98
2040,2025-11-21,Northern Signal,Amber Lines,ELECTRONIC,Norway,car,0,7.48
1470,2025-04-27,DJ Kompas,Midnight Weather,Electronic,Netherlands,phone,0,6.99
1911,2025-10-20,Hertz Garden,Blue Harbour,Electronic,Germany,speaker,0,7.0
32,07-01-2024,Sara Lindqvist,Slow Mornings,Pop,Sweden,car,0,3.15 min
2165,26/12/2025,Yuki Tanaka Trio,Northern Window,Jazz,Japan,phone,1,0.63
1898,16-10-2025,The Quiet Wires,Golden Wires,ROCK,United States,laptop,0,2.41
1966,2025-11-02,The Quiet Wires,Golden Season,Rock,United States,laptop ,0,4.56
220,2024-03-07,The Slow Ferry,Bright Rooms,INDIE,Ireland,laptop,0,3.61
1505,2025-05-06,Fjord & Flint,Open Orbit,Folk,Norway,laptop,0,0.4
1069,11-12-2024,Glass Tram,Broken Mornings,Electronic,Germany,tablet,0,8.5
1677,17-07-2025,Fjord & Flint,Blue Traffic,Folk,Norway,phone,0,6.12
122,2024-02-02,Lagos Tape Club,Hollow Ferry,Afrobeat,Nigeria,phone,0,4.54
2013,2025-11-14,DJ Kompas,Harbour Kitchen,Electronic,Netherlands,laptop,0,6.56
1675,2025-07-16,Sara Lindqvist,Electric Weather,  Pop ,Sweden,laptop,0,3.54
68,17-01-2024,Sara Lindqvist,Midnight Orbit,Pop,Sweden,speaker,0,4.99
1306,2025-03-05,Northern Signal,Electric Avenue,ELECTRONIC,Norway,phone ,0,3.83
971,2024-11-12,The Slow Ferry,Velvet Season,Indie,Ireland,speaker,0,3.69
981,2024-11-14,Fjord & Flint,Broken Radio,Folk,Norway,speaker,0,3.56
85,22/01/2024,Hollow Pines,Winter Traffic,Folk,United States,phone,0,3.68
374,2024-04-20,Mireille Basset,Midnight Traffic,Jazz,France,speaker,0,7.14
1423,11/04/2025,Fjord & Flint,Midnight Kitchen,Folk,Norway,car ,0,5.84
472,2024-05-23,Fjord & Flint,Blue Traffic,FOLK,Norway,laptop ,0,4.94
923,2024-10-28,The Paper Kites Society,Electric Lines,Indie,Australia,phone,0,4.68
1401,2025-03-31,DJ Kompas,Electric Mornings,Electronic,Netherlands,phone,0,4.72
754,14/09/2024,Fjord & Flint,Blue Ferry,Folk,Norway,,0,5.04
2159,25-12-2025,DJ Kompas,Paper Signal,Electronic,Netherlands,laptop,0,4.85
105,2024-01-28,Northern Signal,Bright Avenue,ELECTRONIC,Norway,laptop,0,5.09
143,2024-02-10,DJ Kompas,Quiet Orbit,Electronic,Netherlands,laptop,0,4.37
2048,2025-11-23,Yuki Tanaka Trio,Harbour Season,jazz,Japan,PHONE,0,9.46
57,2024-01-15,Glass Tram,Broken Lines,  Electronic ,Germany,,0,
1218,2025-01-29,Fjord & Flint,Summer Wires,FOLK,Norway,laptop,0,3.88
1965,2025-11-02,Northern Signal,Salt Lines,Electronic,Norway,PHONE ,0,5.38
1202,2025-01-24,Luz de Enero,Static Traffic,Latin,Spain,,0,2.69
1104,24-12-2024,Northern Signal,Salt Lines,Electronic,Norway,laptop,0,4.31
1189,2025-01-18,DJ Kompas,Hollow Radio,electronic,Netherlands,laptop,0,5.81
1711,06-08-2025,Fjord & Flint,Blue Traffic,Folk,Norway,car,0,3.65
1716,2025-08-08,Brannon Hill,Midnight Kitchen,FOLK,Ireland,speaker,0,4.63 min
486,2024-05-26,DJ Kompas,Electric Mornings,Electronic,Netherlands,phone,0,6.98
2086,2025-12-03,Sara Lindqvist,Quiet Harbour,Pop,Sweden,phone ,0,4.57
1703,2025-07-31,Brannon Hill,Northern Machines,Folk,Ireland,CAR ,0,
356,13-04-2024,Fjord & Flint,Open Orbit,Folk,NA,speaker,0,5.78
991,2024-11-17,Lagos Tape Club,Hollow Ferry,Afrobeat,Nigeria,phone,0,3.04
967,2024-11-09,Basement Cartography,Blue Mornings,Indie,Canada,speaker,0,5.0
1701,29-07-2025,The Slow Ferry,Velvet Season,Indie,Ireland,LAPTOP,1,0.76
1422,2025-04-11,Sara Lindqvist,Quiet Harbour,Pop,Sweden,phone,0,
983,2024-11-15,Brannon Hill,Quiet Ferry,Folk,Ireland,laptop,0,3.7
1757,2025-08-30,Northern Signal,Amber Rooms,electronic,Norway,phone,0,7.55
309,2024-03-29,Salon Mécanique,Hollow Parade,JAZZ,Belgium,phone,0,8.83
685,2024-08-19,Fjord & Flint,Summer Wires,Folk,Norway,car ,0,4.19
1204,2025-01-25,Circuit Sparrow,Winter Window,Electronic,Japan,laptop,0,6.32
161,2024-02-15,Sara Lindqvist,Slow Mornings,POP,Sweden,phone,1,0.81
1663,2025-07-10,The Long Commute,Winter Traffic,  Indie ,Netherlands,laptop,0,4.42
1142,2025-01-06,Fjord & Flint,Open Orbit,Folk,Norway,car,0,2.37
1674,2025-07-16,Yuki Tanaka Trio,Northern Lines,Jazz,Japan,speaker,0,9.06
643,2024-08-02,Sara Lindqvist,Broken Kitchen,Pop,Sweden,PHONE,0,6.28
1653,2025-07-06,Luz de Enero,Summer Rooms,latin,Spain,phone,0,1.19
412,2024-05-02,Sara Lindqvist,Quiet Harbour,pop,Sweden,tablet,0,
97,2024-01-25,Casa Tropicana,Hollow Tape,Latin,Cuba,phone,0,2.64 min
1262,2025-02-13,Glass Tram,Broken Mornings,ELECTRONIC,Germany,tablet,0,5.2
1633,2025-06-23,Glass Tram,Salt Lines,Electronic,Germany,phone,0,4.94
1586,2025-06-01,Hollow Pines,Amber Lines,FOLK,United States,speaker,0,5.65
1876,2025-10-10,Pale Cartography,Bright Tape,Folk,Canada,laptop ,0,3.17
1403,2025-04-01,Pale Cartography,Winter Weather,Folk,Canada,speaker,1,0.98
1620,15/06/2025,Sara Lindqvist,Electric Weather,POP,Sweden,laptop,0,4.6
328,2024-04-05,The Quiet Wires,Golden Wires,Rock,United States,laptop,0,5.93
3,2024-01-01,Fjord & Flint,Golden Garden,Folk,Norway,laptop,0,0.51
1532,13/05/2025,Lagos Tape Club,Bright Wires,  Afrobeat ,Nigeria,PHONE,0,2.42
1316,2025-03-08,DJ Kompas,Midnight Weather,Electronic,Netherlands,speaker ,0,5.45 min
762,2024-09-16,DJ Kompas,Paper Rooms,Electronic,Netherlands,speaker ,0,6.34
287,2024-03-24,Glass Tram,Salt Lines,Electronic,Germany,car,0,5.0
392,27/04/2024,Northern Signal,Winter Wires,ELECTRONIC,Norway,phone,0,7.4
1990,2025-11-09,Sara Lindqvist,Summer Tape,POP,Sweden,,1,0.28
1992,2025-11-09,Lagos Tape Club,Open Radio,AFROBEAT,Nigeria,phone,0,5.79
1989,09/11/2025,Pale Cartography,Bright Tape,Folk,Canada,speaker,0,3.4
709,2024-09-01,Rosewood Lane,Slow Rooms,folk,United Kingdom,TABLET,0,3.43
672,2024-08-14,The Slow Ferry,Iron Weather,indie,Ireland,phone ,0,5.71
176,2024-02-19,DJ Kompas,Bright Ferry,electronic,Netherlands,laptop,0,
1330,2025-03-13,Lagos Tape Club,Velvet Avenue,AFROBEAT,Nigeria,phone,0,4.90
148,2024-02-11,Basement Cartography,Summer Orbit,Indie,Canada,PHONE,0,2.98
1676,2025-07-17,Bright Utility,Winter Window,indie,United Kingdom,phone,1,1.38
157,14/02/2024,Lagos Tape Club,Velvet Avenue,afrobeat,Nigeria,LAPTOP,0,3.75
1920,2025-10-22,Lagos Tape Club,Winter Rooms,afrobeat,Nigeria,phone,0,3.61
294,2024-03-26,Fjord & Flint,Blue Ferry,folk,Norway,phone,0,3.26
103,2024-01-28,Northern Signal,Golden Machines,ELECTRONIC,Norway,CAR,1,
1959,2025-11-01,DJ Kompas,Paper Rooms,Electronic,Netherlands,laptop,0,8.27
1761,2025-09-02,Basement Cartography,Iron Traffic,Indie,Canada,phone,0,1.33
171,2024-02-16,Luz de Enero,Static Machines,LATIN,Spain,phone,0,3.8
1924,2025-10-23,Glass Tram,Broken Lines,Electronic,Germany,car,0,6.28
1594,2025-06-05,The Paper Kites Society,Electric Lines,Indie,Australia,phone,1,0.5
256,2024-03-18,Sara Lindqvist,Summer Tape,pop,Sweden,,1,0.88
375,20-04-2024,Fjord & Flint,Golden Garden,Folk,Norway,laptop,0,5.75
818,2024-10-02,Bright Utility,Broken Machines,Indie,United Kingdom,phone,0,3.95
83,2024-01-21,Luz de Enero,Velvet Harbour,Latin,Spain,phone,0,3.18
1496,2025-05-04,Salon Mécanique,Harbour Machines,  Jazz ,Belgium,car,0,7.5
626,23/07/2024,Static Meadow,Static Signal,Rock,United States,,0,4.42
695,26/08/2024,Sara Lindqvist,Broken Kitchen,POP,Sweden,phone,0,4.65
936,2024-10-31,DJ Kompas,Paper Signal,Electronic,Netherlands,speaker,0,8.13
1826,2025-09-23,Static Meadow,Salt Mornings,Rock,United States,phone ,0,3.48
1019,2024-11-27,Static Meadow,Open Rooms,rock,United States,speaker ,0,5.34
2147,21-12-2025,Selva Alta,Open Ferry,Latin,Peru,phone ,0,0.4
780,2024-09-20,Fjord & Flint,Open Orbit,Folk,Norway,speaker,0,0.91
549,2024-06-19,Kito Ndungu,Hollow Weather,afrobeat,Kenya,tablet,0,4.88
523,2024-06-08,Fjord & Flint,Blue Traffic,Folk,Norway,laptop,0,5.64
960,07/11/2024,Circuit Sparrow,Slow Parade,Electronic,Japan,speaker,0,5.96
666,2024-08-12,Glass Tram,Broken Lines,electronic,Germany,phone,0,6.24
343,2024-04-10,The Quiet Wires,Harbour Orbit,ROCK,United States,PHONE,0,4.06
1169,2025-01-13,Kito Ndungu,Northern Rooms,Afrobeat,Kenya,,0,6.72
1718,09/08/2025,DJ Kompas,Midnight Weather,Electronic,Netherlands,laptop,1,0.39
1008,2024-11-23,Brannon Hill,Bright Mornings,Folk,Ireland,phone,0,5.15 min
75,2024-01-20,Northern Signal,Salt Lines,ELECTRONIC,Norway,phone ,0,4.06
352,2024-04-12,Glass Tram,Broken Mornings,  Electronic ,Germany,laptop,0,4.2
1022,2024-11-28,Pale Cartography,Velvet Avenue,FOLK,Canada,PHONE,1,0.49
300,2024-03-27,The Quiet Wires,Harbour Orbit,Rock,United States,phone,0,4.15 min
1225,31/01/2025,Fjord & Flint,Summer Wires,Folk,Norway,PHONE,0,2.84
223,08/03/2024,DJ Kompas,Midnight Weather,Electronic,Netherlands,phone,0,5.02
502,2024-05-31,Mango Static,Static Lines,  Latin ,Brazil,speaker,0,4.05
1646,2025-07-03,Kito Ndungu,Northern Rooms,Afrobeat,Kenya,PHONE,0,1.67
1884,2025-10-13,Bright Utility,Bright Letters,Indie,United Kingdom,PHONE ,0,2.16
124,2024-02-02,Basement Cartography,Summer Orbit,Indie,Canada,phone,0,4.28
958,06/11/2024,Selva Alta,Harbour Lines,Latin,Peru,laptop ,0,2.14
730,2024-09-05,Fjord & Flint,Open Orbit,Folk,Norway,tablet,0,4.4 min
1768,04/09/2025,Glass Tram,Amber Ferry,electronic,Germany,phone,0,2.98
1683,2025-07-18,Salon Mécanique,Velvet Machines,Jazz,Belgium,phone,0,8.07
1950,2025-10-30,Lagos Tape Club,Hollow Ferry,  Afrobeat ,Nigeria,phone,0,6.2
163,2024-02-15,Lagos Tape Club,Hollow Ferry,Afrobeat,Nigeria,laptop,0,7.32 min
1783,2025-09-07,Static Meadow,Northern Avenue,ROCK,United States,laptop,0,4.44
930,2024-10-30,Glass Tram,Broken Lines,ELECTRONIC,Germany,phone,0,7.69
1949,2025-10-30,Glass Tram,Amber Ferry,Electronic,Germany,speaker,0,6.26
242,2024-03-13,Sara Lindqvist,Golden Harbour,pop,Sweden,CAR,0,2.68
74,2024-01-19,Fjord & Flint,Northern Avenue,Folk,Norway,phone,0,4.36
110,2024-01-29,DJ Kompas,Golden Weather,Electronic,Netherlands,laptop,0,4.36
1446,18/04/2025,Marta Oliveira,Static Wires,Jazz,Portugal,PHONE,1,1.46
30,2024-01-07,Glass Tram,Broken Lines,  Electronic ,Germany,phone,0,3.73
1315,08/03/2025,Sara Lindqvist,Northern Radio,POP,Sweden,phone,0,4.98
809,2024-09-30,Orquesta Bellavista,Salt Ferry,Latin,Colombia,phone,0,4.06
1776,2025-09-06,Sara Lindqvist,Golden Harbour,Pop,Sweden,car,0,3.79
1655,07/07/2025,Fjord & Flint,Midnight Kitchen,Folk,Norway,laptop,0,3.06
803,2024-09-26,Hertz Garden,Amber Machines,Electronic,Germany,PHONE,0,4.67
1035,30/11/2024,DJ Kompas,Electric Mornings,ELECTRONIC,Netherlands,laptop,0,4.61
906,2024-10-24,Sara Lindqvist,Electric Weather,Pop,NA,speaker,1,0.77 min
2178,2025-12-31,Salon Mécanique,Electric Window,Jazz,Belgium,PHONE,0,4.86
796,24/09/2024,Rosewood Lane,Summer Signal,Folk,United Kingdom,PHONE,1,0.29
1460,2025-04-24,Selva Alta,Harbour Orbit,Latin,Peru,phone,0,1.95
1221,2025-01-30,Glass Tram,Salt Lines,  Electronic ,Germany,laptop,0,6.8
483,2024-05-26,Pale Cartography,Bright Tape,Folk,Canada,PHONE,0,2.94 min
1617,12/06/2025,Luz de Enero,Velvet Harbour,Latin,Spain,phone,0,3.02
235,2024-03-10,Mango Static,Static Wires,Latin,Brazil,phone,0,
1054,2024-12-07,Glass Tram,Amber Ferry,Electronic,Germany,phone,1,0.64
792,2024-09-24,Basement Cartography,Paper Kitchen,Indie,Canada,phone,0,4.97
1227,2025-02-01,The Quiet Wires,Golden Season,Rock,NA,phone,0,4.79 min
2162,2025-12-25,Glass Tram,Salt Lines,Electronic,Germany,speaker,0,7.32
2079,2025-12-01,Sara Lindqvist,Northern Radio,  Pop ,Sweden,speaker,0,4.88
131,2024-02-04,Selva Alta,Harbour Lines,Latin,Peru,phone,1,0.95
934,30/10/2024,Glass Tram,Broken Mornings,ELECTRONIC,Germany,phone,0,8.92
152,2024-02-12,Rosewood Lane,Paper Mornings,folk,United Kingdom,PHONE,0,1.34
742,2024-09-07,The Quiet Wires,Quiet Machines,Rock,United States,phone,0,4.8
898,22/10/2024,Lagos Tape Club,Hollow Ferry,Afrobeat,Nigeria,car,0,
1823,2025-09-21,Luz de Enero,Northern Ferry,Latin,Spain,laptop,0,4.25
38,2024-01-10,Sara Lindqvist,Summer Tape,  Pop ,Sweden,laptop,0,3.56
399,2024-04-29,Glass Tram,Amber Ferry,Electronic,Germany,phone,0,7.87
1647,2025-07-03,Fjord & Flint,Golden Garden,Folk,Norway,phone,0,4.56
1366,2025-03-22,Luz de Enero,Static Machines,Latin,Spain,PHONE,0,4.51 min
1090,2024-12-18,Fjord & Flint,Blue Ferry,folk,Norway,phone ,0,
419,2024-05-04,Mireille Basset,Static Signal,Jazz,France,phone ,0,9.03
353,2024-04-13,Fjord & Flint,Summer Wires,  Folk ,Norway,laptop,0,5.27
1894,16-10-2025,Fjord & Flint,Golden Garden,Folk,Norway,car,0,4.96
1537,2025-05-15,DJ Kompas,Paper Rooms,Electronic,Netherlands,speaker,0,5.28
804,2024-09-26,Sara Lindqvist,Broken Kitchen,Pop,Sweden,laptop,0,4.12
805,2024-09-27,Marta Oliveira,Broken Orbit,JAZZ,Portugal,laptop,0,7.72
200,2024-02-29,DJ Kompas,Electric Mornings,Electronic,Netherlands,PHONE,0,4.81
34,2024-01-09,Sara Lindqvist,Quiet Harbour,Pop,Sweden,phone,0,3.92
80,2024-01-21,Glass Tram,Amber Ferry,Electronic,Germany,phone,0,7.11
100,2024-01-27,Sara Lindqvist,Slow Mornings,Pop,Sweden,CAR,0,3.65
1834,2025-09-26,The Slow Ferry,Velvet Season,Indie,Ireland,speaker,1,0.92
1346,2025-03-17,DJ Kompas,Paper Signal,Electronic,Netherlands,speaker,0,3.79
2100,2025-12-08,Yuki Tanaka Trio,Golden Machines,Jazz,Japan,CAR,0,9.26
77,2024-01-20,Fjord & Flint,Blue Traffic,Folk,Norway,LAPTOP,0,3.08
1999,12/11/2025,Glass Tram,Salt Lines,ELECTRONIC,Germany,car,0,7.6
2067,2025-11-28,Brannon Hill,Static Weather,Folk,Ireland,tablet,0,4.11
192,2024-02-26,DJ Kompas,Electric Mornings,electronic,Netherlands,phone,0,7.64
1333,2025-03-13,Casa Tropicana,Blue Machines,Latin,Cuba,phone,0,2.28
1207,2025-01-25,DJ Kompas,Quiet Orbit,Electronic,Netherlands,phone,0,6.26
1246,2025-02-08,Selva Alta,Harbour Lines,Latin,NA,laptop,0,1.96
2154,2025-12-23,DJ Kompas,Electric Mornings,electronic,Netherlands,tablet,0,5.77
1431,2025-04-13,Sara Lindqvist,Slow Mornings,Pop,Sweden,phone,0,
1678,2025-07-17,Brannon Hill,Bright Mornings,Folk,Ireland,phone,0,5.34
1672,2025-07-15,Fjord & Flint,Broken Radio,  Folk ,Norway,phone,0,3.38
448,2024-05-13,Nora Whitlock,Northern Machines,pop,United States,laptop,1,0.31
190,2024-02-25,The Paper Kites Society,Harbour Rooms,Indie,Australia,LAPTOP,1,1.02
574,2024-06-28,Brannon Hill,Quiet Ferry,Folk,Ireland,PHONE,0,2.95
1725,2025-08-11,Fjord & Flint,Blue Ferry,Folk,Norway,tablet,1,0.94
887,19/10/2024,Sara Lindqvist,Slow Mornings,Pop,Sweden,phone,0,6.04
980,2024-11-14,Brannon Hill,Bright Mornings,Folk,Ireland,phone ,0,2.77
400,2024-04-29,Luz de Enero,Harbour Season,  Latin ,Spain,phone,0,4.53
2104,2025-12-09,The Paper Kites Society,Electric Radio,Indie,Australia,laptop,0,
209,03/03/2024,Fjord & Flint,Open Orbit,Folk,Norway,speaker,0,4.6
1800,2025-09-13,Glass Tram,Broken Lines,Electronic,Germany,laptop,0,7.62
1026,2024-11-29,Fjord & Flint,Blue Ferry,Folk,Norway,car,0,3.66
769,18-09-2024,Brannon Hill,Northern Machines,Folk,Ireland,phone,0,2.53
610,2024-07-16,Nora Whitlock,Northern Machines,POP,United States,phone,0,3.33
226,08/03/2024,DJ Kompas,Midnight Weather,Electronic,Netherlands,tablet,0,7.78
1579,2025-05-29,Yuki Tanaka Trio,Golden Window,jazz,Japan,phone,0,6.86
1024,28-11-2024,The Tuesday Club,Broken Harbour,Pop,United Kingdom,phone,0,3.86
434,08/05/2024,Fjord & Flint,Northern Avenue,Folk,Norway,phone,0,3.68
687,2024-08-20,Selva Alta,Electric Letters,latin,Peru,phone,0,3.39
1342,16/03/2025,Static Meadow,Bright Traffic,Rock,United States,phone,1,0.8
191,2024-02-25,DJ Kompas,Paper Rooms,Electronic,Netherlands,phone,0,4.74
1833,2025-09-25,Lagos Tape Club,Velvet Avenue,Afrobeat,Nigeria,laptop,0,4.73
719,2024-09-03,Fjord & Flint,Golden Garden,  Folk ,Norway,phone,0,3.38
211,2024-03-04,DJ Kompas,Golden Weather,Electronic,Netherlands,phone,0,8.27
360,2024-04-14,Northern Signal,Golden Machines,Electronic,Norway,SPEAKER,0,5.97
278,2024-03-24,The Long Commute,Amber Kitchen,Indie,Netherlands,tablet,0,3.46
1063,2024-12-10,Glass Tram,Amber Ferry,Electronic,Germany,laptop,0,6.54
1188,2025-01-18,The Paper Kites Society,Hollow Letters,Indie,Australia,phone,0,4.93
51,2024-01-13,The Long Commute,Golden Radio,indie,Netherlands,phone,0,3.83
1799,13-09-2025,Fjord & Flint,Blue Avenue,FOLK,Norway,laptop,1,0.87
388,2024-04-26,DJ Kompas,Quiet Orbit,electronic,Netherlands,laptop,0,6.63
2153,2025-12-23,Mireille Basset,Static Signal,JAZZ,France,LAPTOP,0,5.32
1845,2025-09-30,The Paper Kites Society,Harbour Rooms,Indie,Australia,car,0,5.23
1788,2025-09-09,Brannon Hill,Northern Machines,folk,Ireland,SPEAKER,0,3.48
552,2024-06-19,Glass Tram,Salt Lines,ELECTRONIC,Germany,laptop,0,5.76
1929,2025-10-25,Fjord & Flint,Northern Avenue,Folk,Norway,LAPTOP,1,0.52
988,16/11/2024,The Paper Kites Society,Electric Lines,INDIE,Australia,LAPTOP,0,3.25
1913,2025-10-21,Pale Cartography,Open Orbit,  Folk ,Canada,laptop,0,5.12
1591,2025-06-03,Yuki Tanaka Trio,Harbour Season,JAZZ,Japan,phone,0,7.08
95,2024-01-24,Fjord & Flint,Blue Ferry,folk,Norway,speaker,0,3.35
1377,2025-03-25,Glass Tram,Amber Ferry,Electronic,Germany,laptop,0,6.24
1111,2024-12-27,Fjord & Flint,Golden Garden,Folk,Norway,phone,1,0.49
1656,2025-07-07,Lagos Tape Club,Velvet Avenue,afrobeat,Nigeria,phone ,0,
910,2024-10-25,Brannon Hill,Quiet Ferry,folk,Ireland,laptop ,0,6.72
1485,2025-05-01,Luz de Enero,Summer Rooms,latin,NA,speaker,0,4.56
1704,2025-08-01,DJ Kompas,Electric Mornings,Electronic,Netherlands,speaker,0,6.92
1774,2025-09-05,Mireille Basset,Blue Window,Jazz,France,phone,0,9.64
1520,2025-05-11,Fjord & Flint,Golden Garden,Folk,Norway,SPEAKER,0,4.93
1923,2025-10-23,Basement Cartography,Iron Traffic,Indie,Canada,phone,0,3.76
1291,2025-02-25,Glass Tram,Salt Lines,Electronic,Germany,phone,0,9.31
1363,2025-03-21,DJ Kompas,Midnight Weather,Electronic,Netherlands,laptop,0,7.32
1709,2025-08-03,Hollow Pines,Salt Harbour,Folk,United States,laptop,0,5.86
1283,22/02/2025,Fjord & Flint,Open Orbit,Folk,Norway,car,0,5.14
258,2024-03-19,Hertz Garden,Blue Orbit,Electronic,Germany,car,0,3.25
777,2024-09-20,Brannon Hill,Midnight Kitchen,Folk,Ireland,phone,0,4.68
1693,2025-07-26,Rosewood Lane,Summer Signal,Folk,United Kingdom,phone,0,3.44
329,2024-04-05,Sara Lindqvist,Slow Mornings,Pop,Sweden,laptop,0,1.82
2004,2025-11-13,Brannon Hill,Static Weather,folk,Ireland,PHONE,0,2.82
1724,2025-08-10,DJ Kompas,Golden Weather,  Electronic ,Netherlands,LAPTOP,0,4.97
2090,05/12/2025,Glass Tram,Amber Ferry,electronic,Germany,laptop,0,
1025,28/11/2024,Hollow Pines,Winter Traffic,Folk,United States,tablet,0,6.19
556,2024-06-21,Rosewood Lane,Amber Signal,Folk,United Kingdom,laptop,0,4.88
867,2024-10-16,Sara Lindqvist,Northern Radio,Pop,Sweden,speaker ,0,2.98
354,2024-04-13,Fjord & Flint,Northern Avenue,  Folk ,Norway,PHONE,0,4.53
151,2024-02-12,Lagos Tape Club,Bright Wires,afrobeat,Nigeria,phone,0,4.53
1813,17/09/2025,Lagos Tape Club,Velvet Avenue,Afrobeat,Nigeria,phone,0,2.96
884,2024-10-19,Glass Tram,Broken Lines,electronic,Germany,phone,0,6.38
132,2024-02-05,Glass Tram,Salt Lines,  Electronic ,Germany,phone,0,4.92
458,2024-05-16,Brannon Hill,Northern Machines,Folk,Ireland,car,0,5.3
518,2024-06-06,Lagos Tape Club,Open Radio,  Afrobeat ,Nigeria,car,0,5.03
1251,2025-02-10,Glass Tram,Broken Mornings,Electronic,Germany,PHONE,0,4.13
469,2024-05-21,Bright Utility,Broken Machines,Indie,United Kingdom,speaker,0,8.1
1429,2025-04-13,Northern Signal,Winter Wires,  Electronic ,Norway,phone,0,
218,06/03/2024,Rosewood Lane,Slow Rooms,  Folk ,United Kingdom,speaker,1,0.28
1399,31-03-2025,DJ Kompas,Bright Ferry,electronic,Netherlands,phone,0,5.58
1004,2024-11-22,Glass Tram,Amber Ferry,Electronic,Germany,PHONE,0,4.78
618,2024-07-19,Sara Lindqvist,Summer Tape,Pop,Sweden,SPEAKER,0,4.78
1137,2025-01-04,Brannon Hill,Bright Mornings,Folk,Ireland,laptop,0,6.17
2125,2025-12-15,Sara Lindqvist,Slow Mornings,Pop,Sweden,speaker ,0,2.66
592,2024-07-05,Glass Tram,Amber Ferry,ELECTRONIC,Germany,LAPTOP,1,1.4
1307,2025-03-05,Orquesta Bellavista,Iron Lines,LATIN,Colombia,laptop,0,1.48
835,2024-10-06,Luz de Enero,Velvet Harbour,Latin,Spain,PHONE,0,5.36
7,02/01/2024,Sara Lindqvist,Electric Weather,Pop,Sweden,speaker,0,2.91
476,2024-05-23,Sara Lindqvist,Quiet Harbour,  Pop ,Sweden,speaker,0,4.66
2130,2025-12-16,Kito Ndungu,Hollow Weather,Afrobeat,Kenya,tablet,0,3.21
1355,2025-03-18,Static Meadow,Northern Avenue,Rock,United States,phone,0,3.43
661,2024-08-10,Luz de Enero,Harbour Season,Latin,Spain,PHONE ,1,0.24
2002,2025-11-12,Luz de Enero,Harbour Season,Latin,Spain,phone,0,3.27
2107,09/12/2025,Basement Cartography,Paper Kitchen,INDIE,Canada,,0,4.72
1503,05/05/2025,Lagos Tape Club,Open Radio,  Afrobeat ,Nigeria,PHONE,0,2.86 min
1287,2025-02-24,Sara Lindqvist,Summer Tape,pop,Sweden,,0,4.07
453,2024-05-15,Glass Tram,Amber Ferry,Electronic,Germany,phone,0,6.83
1576,2025-05-28,The Tuesday Club,Open Lines,Pop,United Kingdom,phone,0,3.02
895,2024-10-21,Yuki Tanaka Trio,Northern Lines,Jazz,Japan,laptop,0,9.57 min
488,2024-05-26,Mireille Basset,Harbour Machines,jazz,France,phone,0,7.88
289,25/03/2024,Orquesta Bellavista,Paper Signal,Latin,Colombia,LAPTOP,1,0.4
1286,2025-02-23,Northern Signal,Golden Machines,Electronic,Norway,laptop,0,6.33
291,2024-03-25,Sara Lindqvist,Northern Radio,POP,Sweden,car,0,0.4
79,2024-01-21,Yuki Tanaka Trio,Winter Parade,Jazz,Japan,laptop,0,7.95
1727,2025-08-13,Static Meadow,Open Rooms,  Rock ,United States,phone,0,4.86
537,2024-06-14,Fjord & Flint,Open Orbit,folk,Norway,phone,1,1.04
2152,2025-12-23,Brannon Hill,Electric Parade,Folk,Ireland,phone,0,3.84
1108,2024-12-25,The Quiet Wires,Quiet Rooms,Rock,United States,phone,1,1.09
344,10/04/2024,Luz de Enero,Static Machines,Latin,Spain,phone,0,0.4
1974,2025-11-05,The Paper Kites Society,Electric Radio,Indie,Australia,car,0,3.32
860,2024-10-14,Orquesta Bellavista,Salt Ferry,LATIN,Colombia,phone,0,1.41
1906,2025-10-19,Lagos Tape Club,Bright Wires,Afrobeat,Nigeria,phone,1,0.49
1543,2025-05-17,Kito Ndungu,Hollow Machines,Afrobeat,Kenya,phone,0,4.26
527,2024-06-10,DJ Kompas,Golden Weather,ELECTRONIC,Netherlands,phone,0,6.93
2126,2025-12-15,The Tuesday Club,Broken Harbour,POP,United Kingdom,phone,0,2.98
1038,2024-12-02,Glass Tram,Salt Lines,Electronic,Germany,laptop,0,7.23
526,2024-06-10,Glass Tram,Amber Ferry,Electronic,Germany,phone,0,7.77
2088,2025-12-04,Sara Lindqvist,Summer Tape,Pop,Sweden,laptop,1,0.42
655,2024-08-07,Glass Tram,Amber Ferry,Electronic,Germany,phone,0,6.67
1344,2025-03-16,Selva Alta,Amber Mornings,Latin,Peru,phone,0,2.86
372,2024-04-19,Orquesta Bellavista,Iron Lines,latin,Colombia,laptop,0,2.53
2110,2025-12-11,DJ Kompas,Hollow Radio,Electronic,Netherlands,speaker,0,4.11
1668,2025-07-12,Marta Oliveira,Electric Mornings,Jazz,Portugal,speaker,1,0.43
1329,2025-03-12,Basement Cartography,Blue Mornings,Indie,Canada,phone,0,1.95
1863,2025-10-06,Glass Tram,Salt Lines,ELECTRONIC,Germany,,1,1.48
2023,2025-11-17,Lagos Tape Club,Winter Rooms,AFROBEAT,Nigeria,phone,0,4.86
840,2024-10-07,Sara Lindqvist,Quiet Harbour,Pop,Sweden,speaker,0,2.82
726,2024-09-05,The Long Commute,Midnight Weather,Indie,NA,phone,0,5.45
1866,2025-10-06,Luz de Enero,Harbour Season,  Latin ,Spain,car,0,5.35
1565,2025-05-26,Circuit Sparrow,Amber Window,electronic,Japan,laptop,0,7.53 min
1486,2025-05-01,Casa Tropicana,Harbour Orbit,Latin,Cuba,PHONE,0,4.19
1374,2025-03-24,Glass Tram,Broken Mornings,Electronic,Germany,laptop ,0,5.42
1208,2025-01-26,Glass Tram,Broken Lines,electronic,Germany,SPEAKER,0,6.8
1961,2025-11-02,The Paper Kites Society,Slow Rooms,  Indie ,Australia,SPEAKER,0,5.92 min
244,2024-03-14,Rosewood Lane,Electric Weather,  Folk ,United Kingdom,car,0,3.61
1588,2025-06-01,Glass Tram,Broken Mornings,ELECTRONIC,Germany,tablet,0,3.05
1706,01/08/2025,Glass Tram,Broken Lines,ELECTRONIC,Germany,speaker,0,6.52
1857,2025-10-03,The Paper Kites Society,Electric Lines,  Indie ,NA,LAPTOP,0,2.83
194,2024-02-27,Nora Whitlock,Golden Tape,pop,United States,laptop ,0,5.66 min
1011,2024-11-24,Basement Cartography,Summer Season,Indie,Canada,laptop,0,3.33
101,2024-01-27,Sara Lindqvist,Slow Mornings,POP,Sweden,phone,0,4.83
264,2024-03-20,Rosewood Lane,Golden Garden,Folk,United Kingdom,phone,0,4.34 min
1509,2025-05-08,DJ Kompas,Midnight Weather,Electronic,Netherlands,laptop,0,5.11
1973,2025-11-05,Sara Lindqvist,Midnight Orbit,POP,Sweden,phone,0,5.58
195,2024-02-28,Rosewood Lane,Amber Signal,folk,United Kingdom,phone,0,5.67
1909,2025-10-20,Nora Whitlock,Bright Garden,Pop,United States,car,0,2.86
975,2024-11-13,Mango Static,Golden Machines,Latin,Brazil,phone,0,3.83
253,2024-03-16,Fjord & Flint,Broken Radio,Folk,Norway,phone,0,1.4
2118,2025-12-13,Sara Lindqvist,Electric Weather,POP,Sweden,PHONE,0,6.84
1572,2025-05-27,Northern Signal,Bright Avenue,ELECTRONIC,Norway,phone,0,6.01
1971,05-11-2025,Kanto Kids,Slow Machines,Pop,Philippines,phone,0,3.54
1671,2025-07-14,Orquesta Bellavista,Salt Ferry,Latin,Colombia,laptop,0,2.48
233,2024-03-09,Glass Tram,Broken Mornings,Electronic,Germany,laptop,0,5.33
35,2024-01-09,Hertz Garden,Broken Kitchen,Electronic,Germany,tablet ,0,3.4
599,2024-07-10,Luz de Enero,Northern Ferry,LATIN,NA,phone,0,3.98
1233,2025-02-04,Northern Signal,Quiet Avenue,ELECTRONIC,Norway,phone,0,7.61
1970,2025-11-04,The Paper Kites Society,Velvet Garden,Indie,Australia,SPEAKER,0,
1754,2025-08-28,Marta Oliveira,Paper Avenue,Jazz,Portugal,laptop,0,9.6
940,2024-11-01,Bright Utility,Salt Season,  Indie ,United Kingdom,laptop,0,2.65
1415,2025-04-06,Fjord & Flint,Summer Wires,Folk,Norway,speaker,0,4.68
397,2024-04-28,Yuki Tanaka Trio,Harbour Season,Jazz,NA,speaker,1,0.59
133,2024-02-06,Fjord & Flint,Blue Avenue,Folk,Norway,PHONE ,0,4.21
1023,2024-11-28,Marta Oliveira,Broken Orbit,Jazz,Portugal,phone,0,9.42
723,2024-09-04,The Quiet Wires,Golden Wires,ROCK,United States,phone,0,3.11
1463,2025-04-24,Brannon Hill,Static Weather,FOLK,Ireland,phone,0,5.69
210,04/03/2024,Neon Harbour,Blue Signal,Electronic,Netherlands,phone,0,4.75
1121,2024-12-31,Sara Lindqvist,Slow Mornings,Pop,Sweden,phone,0,5.42
1981,2025-11-07,Brannon Hill,Electric Parade,Folk,Ireland,phone,0,3.19
1542,2025-05-16,Fjord & Flint,Summer Wires,Folk,Norway,laptop,0,4.46
260,2024-03-19,The Paper Kites Society,Amber Window,Indie,Australia,PHONE,0,1.32
1688,2025-07-22,Fjord & Flint,Broken Radio,Folk,Norway,phone,0,3.22
2042,2025-11-22,The Long Commute,Golden Radio,  Indie ,Netherlands,laptop,0,5.54
1696,2025-07-28,Selva Alta,Amber Mornings,LATIN,Peru,phone,0,3.75
639,2024-07-30,Yuki Tanaka Trio,Harbour Season,,Japan,speaker ,1,1.3
553,2024-06-20,Fjord & Flint,Northern Avenue,folk,Norway,speaker,0,6.85
1190,2025-01-20,The Quiet Wires,Golden Wires,Rock,United States,speaker,1,0.7
1717,2025-08-09,Casa Tropicana,Golden Harbour,Latin,Cuba,laptop ,0,5.05
864,15-10-2024,Sara Lindqvist,Midnight Orbit,POP,Sweden,laptop,0,4.05
1235,2025-02-04,Rosewood Lane,Paper Mornings,Folk,United Kingdom,laptop,0,3.85
1997,2025-11-12,Kito Ndungu,Bright Weather,Afrobeat,Kenya,phone,0,2.66
2177,2025-12-30,Glass Tram,Broken Lines,Electronic,Germany,car,0,5.55
305,2024-03-28,Brannon Hill,Static Weather,Folk,Ireland,laptop,0,5.05
254,2024-03-17,Bright Utility,Bright Letters,Indie,United Kingdom,car,0,3.1
159,14/02/2024,Selva Alta,Static Kitchen,Latin,Peru,phone,0,3.14
678,2024-08-16,Glass Tram,Broken Lines,Electronic,Germany,laptop,1,0.93
1695,27/07/2025,Glass Tram,Salt Lines,Electronic,Germany,,0,6.38
1469,2025-04-27,Fjord & Flint,Broken Radio,Folk,Norway,phone,0,3.48
524,09-06-2024,Lagos Tape Club,Bright Wires,Afrobeat,Nigeria,PHONE,1,
2134,2025-12-17,Yuki Tanaka Trio,Northern Lines,Jazz,Japan,laptop,1,1.15
724,2024-09-04,Northern Signal,Electric Avenue,Electronic,Norway,car,0,7.64 min
279,2024-03-24,Amara Diallo,Slow Weather,Afrobeat,Senegal,phone,0,4.21
1230,02/02/2025,Sara Lindqvist,Midnight Orbit,Pop,Sweden,phone,1,0.71
783,2024-09-21,The Slow Ferry,Amber Mornings,Indie,Ireland,phone,0,2.62
1927,25-10-2025,The Paper Kites Society,Electric Radio,Indie,Australia,phone,0,5.2
793,24-09-2024,Glass Tram,Broken Mornings,Electronic,Germany,phone,0,5.76
2075,2025-11-30,The Quiet Wires,Quiet Machines,Rock,United States,phone,0,3.52
1722,2025-08-10,Glass Tram,Amber Ferry,Electronic,Germany,phone,1,0.49
480,2024-05-25,Rosewood Lane,Paper Mornings,FOLK,United Kingdom,laptop,0,2.48
1284,23-02-2025,DJ Kompas,Harbour Kitchen,Electronic,Netherlands,phone,0,3.99
1618,2025-06-13,Glass Tram,Broken Lines,Electronic,Germany,speaker,1,0.99
1146,2025-01-07,Fjord & Flint,Blue Avenue,FOLK,Norway,phone,0,3.84
543,2024-06-15,The Slow Ferry,Velvet Season,Indie,Ireland,laptop,0,3.68
607,2024-07-14,Fjord & Flint,Blue Ferry,  Folk ,Norway,laptop,0,2.21
1525,2025-05-12,The Slow Ferry,Iron Weather,Indie,Ireland,phone,0,3.77
1136,2025-01-03,The Slow Ferry,Bright Rooms,Indie,Ireland,car,0,5.02
1031,2024-11-30,Sara Lindqvist,Summer Tape,Pop,Sweden,PHONE,0,3.26
899,2024-10-22,The Tuesday Club,Amber Harbour,Pop,United Kingdom,phone,0,3.95
1178,2025-01-16,Glass Tram,Broken Lines,ELECTRONIC,Germany,,0,4.22
284,2024-03-24,Orquesta Bellavista,Slow Rooms,Latin,Colombia,tablet,0,4.28
627,24-07-2024,Brannon Hill,Bright Mornings,FOLK,Ireland,phone,0,6.58
931,2024-10-30,Hertz Garden,Northern Lines,ELECTRONIC,Germany,speaker,0,4.22
1539,2025-05-15,Pale Cartography,Open Season,Folk,Canada,car ,0,3.67
1811,2025-09-17,Glass Tram,Broken Lines,electronic,Germany,PHONE,0,7.03 min
712,02/09/2024,Basement Cartography,Velvet Kitchen,Indie,Canada,phone,0,4.78
1819,2025-09-20,Glass Tram,Broken Lines,Electronic,Germany,phone,0,7.52
759,2024-09-16,Hollow Pines,Winter Traffic,Folk,United States,phone ,0,5.22
1662,2025-07-10,The Slow Ferry,Amber Garden,INDIE,Ireland,laptop,0,4.24
1786,2025-09-08,DJ Kompas,Harbour Kitchen,Electronic,Netherlands,phone,0,6.6
470,22/05/2024,Static Meadow,Amber Tape,ROCK,United States,laptop,1,
23,2024-01-06,Brannon Hill,Quiet Ferry,Folk,Ireland,phone,0,5.77
1780,2025-09-07,Sara Lindqvist,Broken Kitchen,POP,Sweden,tablet,0,3.24 min
1117,2024-12-29,Bright Utility,Broken Machines,Indie,United Kingdom,SPEAKER,0,
271,2024-03-22,Northern Signal,Salt Lines,Electronic,Norway,phone,0,6.05
1899,2025-10-16,Lagos Tape Club,Bright Wires,Afrobeat,Nigeria,phone,0,2.97
147,2024-02-11,Sara Lindqvist,Electric Weather,Pop,Sweden,laptop,1,0.63
53,2024-01-14,Static Meadow,Winter Mornings,Rock,United States,phone,0,6.31
341,09-04-2024,Sara Lindqvist,Slow Mornings,POP,Sweden,car,1,0.6
536,2024-06-14,Yuki Tanaka Trio,Winter Parade,jazz,Japan,laptop,1,1.32
216,2024-03-05,Selva Alta,Open Orbit,LATIN,Peru,phone,0,2.91
642,01/08/2024,Fjord & Flint,Open Orbit,  Folk ,Norway,phone,0,3.71
443,2024-05-11,Bright Utility,Winter Window,Indie,United Kingdom,laptop ,0,1.98
204,2024-03-01,The Slow Ferry,Amber Mornings,Indie,Ireland,phone,0,3.18
398,2024-04-28,Fjord & Flint,Golden Garden,folk,Norway,phone,0,5.14
1475,2025-04-29,The Paper Kites Society,Harbour Rooms,Indie,Australia,laptop,0,3.7
1217,2025-01-28,Glass Tram,Broken Mornings,Electronic,Germany,phone,0,6.84
593,2024-07-05,Nora Whitlock,Golden Tape,Pop,United States,speaker,0,3.52
1627,2025-06-21,Basement Cartography,Broken Kitchen,Indie,Canada,laptop,0,4.68
484,2024-05-26,Marta Oliveira,Electric Window,Jazz,NA,PHONE,0,6.44
862,14/10/2024,Sara Lindqvist,Electric Weather,pop,NA,phone,0,5.32
2066,28/11/2025,Brannon Hill,Bright Mornings,Folk,Ireland,laptop,0,5.15
2156,24/12/2025,Fjord & Flint,Blue Traffic,FOLK,Norway,,0,5.15
1256,12-02-2025,Kito Ndungu,Electric Traffic,Afrobeat,Kenya,phone,0,4.1
1186,2025-01-18,Fjord & Flint,Blue Ferry,Folk,Norway,laptop,0,5.83
1211,2025-01-26,Fjord & Flint,Blue Ferry,Folk,Norway,phone,0,5.21
1311,2025-03-06,Mireille Basset,Midnight Traffic,Jazz,France,phone,0,8.19
1439,2025-04-16,Sara Lindqvist,Midnight Orbit,Pop,Sweden,phone,1,0.48
1349,2025-03-18,Brannon Hill,Quiet Ferry,Folk,Ireland,car,0,5.48
1998,2025-11-12,Basement Cartography,Summer Season,Indie,Canada,PHONE,0,3.62
2006,2025-11-13,Bright Utility,Winter Window,Indie,United Kingdom,car,1,0.65
1062,2024-12-09,Glass Tram,Amber Ferry,Electronic,Germany,laptop,0,6.45
407,2024-05-01,Northern Signal,Bright Avenue,Electronic,Norway,speaker,0,5.65
402,2024-04-29,Glass Tram,Amber Ferry,electronic,Germany,,0,7.73
69,2024-01-18,Static Meadow,Amber Tape,Rock,United States,phone,0,4.71 min
962,2024-11-09,DJ Kompas,Paper Rooms,Electronic,Netherlands,car,0,4.5
1354,2025-03-18,DJ Kompas,Golden Weather,Electronic,Netherlands,phone,0,6.55
1007,2024-11-23,Selva Alta,Amber Mornings,Latin,Peru,PHONE,0,4.52
41,2024-01-12,Glass Tram,Salt Lines,Electronic,Germany,phone,0,3.65
2015,2025-11-15,Fjord & Flint,Summer Wires,Folk,Norway,car,0,5.46
1017,2024-11-25,DJ Kompas,Bright Ferry,Electronic,Netherlands,LAPTOP ,0,6.69 min
1131,2025-01-02,Mireille Basset,Harbour Window,Jazz,France,phone,0,8.0
64,2024-01-16,Fjord & Flint,Open Orbit,  Folk ,Norway,,0,3.84
1745,23/08/2025,Cassette Revival,Salt Parade,Indie,France,speaker,0,3.18
2155,2025-12-24,DJ Kompas,Midnight Weather,  Electronic ,Netherlands,phone,1,0.42
966,2024-11-09,Salon Mécanique,Harbour Machines,Jazz,Belgium,car ,0,6.78
653,2024-08-06,DJ Kompas,Paper Signal,Electronic,Netherlands,phone ,0,5.5
873,2024-10-17,Glass Tram,Broken Lines,ELECTRONIC,NA,phone,1,0.31
1070,2024-12-11,Basement Cartography,Velvet Kitchen,Indie,Canada,laptop ,0,5.94
228,08/03/2024,Basement Cartography,Velvet Kitchen,INDIE,Canada,phone,0,6.41
1635,2025-06-24,Yuki Tanaka Trio,Northern Lines,Jazz,Japan,SPEAKER,1,1.4
96,24/01/2024,The Quiet Wires,Northern Tape,Rock,United States,phone,0,
180,2024-02-21,Fjord & Flint,Golden Garden,Folk,Norway,phone,1,0.4
1356,2025-03-19,Glass Tram,Broken Mornings,Electronic,Germany,phone,0,6.25
1930,2025-10-25,The Tuesday Club,Salt Wires,Pop,United Kingdom,laptop,1,0.53
1352,2025-03-18,Sara Lindqvist,Northern Radio,Pop,Sweden,phone,0,4.18
2163,2025-12-26,Casa Tropicana,Salt Ferry,Latin,Cuba,phone,1,0.7
1091,2024-12-20,Hertz Garden,Broken Kitchen,Electronic,Germany,phone,0,2.39
50,2024-01-13,Sara Lindqvist,Broken Kitchen,Pop,Sweden,phone,0,4.66
791,2024-09-23,Kito Ndungu,Northern Rooms,afrobeat,Kenya,tablet,0,3.24
1840,29/09/2025,The Paper Kites Society,Hollow Letters,INDIE,Australia,car ,0,6.54
479,2024-05-24,Fjord & Flint,Golden Garden,folk,Norway,phone,0,3.05
1453,2025-04-23,The Quiet Wires,Open Mornings,ROCK,United States,laptop,0,5.83
416,2024-05-03,Fjord & Flint,Golden Garden,FOLK,Norway,phone,0,5.22
1818,2025-09-19,Sara Lindqvist,Summer Tape,Pop,Sweden,laptop,0,3.87
782,2024-09-21,Luz de Enero,Paper Window,Latin,Spain,laptop ,0,5.65
1516,10/05/2025,Bright Utility,Salt Season,Indie,United Kingdom,phone,0,6.11
965,2024-11-09,The Quiet Wires,Golden Season,Rock,United States,phone,0,3.25
1719,09-08-2025,Luz de Enero,Summer Rooms,LATIN,Spain,phone,0,3.88
1478,2025-04-29,Fjord & Flint,Broken Radio,FOLK,Norway,speaker,0,4.87
987,2024-11-16,Sara Lindqvist,Broken Kitchen,Pop,Sweden,laptop,0,4.75
1390,2025-03-29,Fjord & Flint,Blue Ferry,folk,Norway,phone,0,4.91
743,08-09-2024,DJ Kompas,Midnight Weather,Electronic,Netherlands,TABLET,0,6.12
186,2024-02-24,Static Meadow,Static Signal,Rock,United States,phone,0,4.56
1134,2025-01-03,Sara Lindqvist,Northern Radio,Pop,Sweden,PHONE,0,4.29
2005,2025-11-13,Orquesta Bellavista,Iron Lines,Latin,Colombia,phone,0,5.43
364,2024-04-17,Brannon Hill,Quiet Ferry,Folk,Ireland,laptop,0,3.21
533,2024-06-13,Luz de Enero,Northern Ferry,Latin,Spain,laptop,0,3.04
1324,11/03/2025,Static Meadow,Salt Mornings,Rock,United States,phone,0,2.85
496,2024-05-30,Luz de Enero,Static Traffic,Latin,Spain,laptop,0,4.72
1910,2025-10-20,Lagos Tape Club,Winter Rooms,  Afrobeat ,Nigeria,car,0,
679,16/08/2024,Sara Lindqvist,Electric Weather,pop,Sweden,PHONE,0,5.88
1018,2024-11-26,Pale Cartography,Open Season,Folk,Canada,CAR,0,2.18
2115,2025-12-13,Sara Lindqvist,Midnight Orbit,Pop,Sweden,car,0,2.23
1158,2025-01-11,Kito Ndungu,Summer Machines,Afrobeat,Kenya,phone,0,2.83
1068,11-12-2024,Northern Signal,Velvet Wires,ELECTRONIC,Norway,phone,0,5.67
2121,13/12/2025,The Tuesday Club,Northern Ferry,POP,United Kingdom,phone,0,4.18
731,2024-09-06,Glass Tram,Broken Lines,ELECTRONIC,Germany,phone,0,7.32
1086,2024-12-17,Brannon Hill,Bright Mornings,Folk,Ireland,laptop,0,3.63
663,2024-08-11,Lagos Tape Club,Hollow Ferry,Afrobeat,Nigeria,laptop,0,2.98
396,2024-04-28,Sara Lindqvist,Golden Harbour,Pop,Sweden,laptop,0,3.57
1670,2025-07-14,Salon Mécanique,Open Season,JAZZ,Belgium,phone,1,
1386,27/03/2025,The Slow Ferry,Winter Weather,Indie,Ireland,speaker,0,3.42
1903,2025-10-18,Glass Tram,Broken Mornings,Electronic,Germany,laptop,0,6.07
363,2024-04-16,Northern Signal,Velvet Wires,ELECTRONIC,Norway,laptop ,0,3.99
1295,28/02/2025,Sara Lindqvist,Quiet Harbour,Pop,Sweden,phone,0,4.79
1538,2025-05-15,The Paper Kites Society,Velvet Wires,Indie,Australia,car,0,3.73
49,2024-01-13,Luz de Enero,Static Machines,Latin,Spain,phone,0,1.4
334,2024-04-06,Nora Whitlock,Northern Machines,Pop,United States,PHONE,0,5.14
637,2024-07-28,Fjord & Flint,Open Orbit,FOLK,Norway,phone,0,2.05
68,17-01-2024,Sara Lindqvist,Midnight Orbit,Pop,Sweden,speaker,0,4.99
1331,2025-03-13,Lagos Tape Club,Open Radio,Afrobeat,Nigeria,phone,0,4.34
109,2024-01-29,Yuki Tanaka Trio,Northern Lines,JAZZ,Japan,laptop,0,6.05
2085,2025-12-03,Northern Signal,Quiet Avenue,Electronic,Norway,phone,0,6.17 min
748,11/09/2024,Marta Oliveira,Electric Window,Jazz,Portugal,phone,0,6.17
1569,2025-05-27,Glass Tram,Broken Lines,Electronic,Germany,phone,0,
2142,2025-12-20,The Paper Kites Society,Hollow Letters,indie,Australia,laptop,1,0.46
1609,2025-06-11,Glass Tram,Broken Mornings,Electronic,Germany,laptop,0,4.71
602,10-07-2024,Lagos Tape Club,Hollow Ferry,Afrobeat,Nigeria,LAPTOP,0,1.23
1029,2024-11-30,Nora Whitlock,Golden Tape,Pop,United States,LAPTOP,0,2.57
185,2024-02-23,Orquesta Bellavista,Broken Weather,Latin,Colombia,phone,0,4.21
1755,2025-08-28,Glass Tram,Salt Lines,Electronic,Germany,speaker,0,4.76
1094,2024-12-20,Glass Tram,Broken Lines,ELECTRONIC,Germany,LAPTOP,0,6.54
1372,2025-03-24,The Slow Ferry,Iron Weather,Indie,Ireland,speaker,0,2.67
1266,14-02-2025,The Quiet Wires,Golden Season,Rock,United States,,0,2.12
82,21/01/2024,Kito Ndungu,Amber Kitchen,afrobeat,Kenya,speaker,0,3.15
201,2024-03-01,DJ Kompas,Quiet Orbit,electronic,Netherlands,LAPTOP,1,0.91
1096,21/12/2024,Sara Lindqvist,Midnight Orbit,POP,Sweden,phone,1,1.32
1806,15/09/2025,Pale Cartography,Open Orbit,Folk,Canada,laptop ,0,4.81
1322,2025-03-11,The Paper Kites Society,Amber Window,Indie,Australia,speaker,1,0.66
812,2024-10-01,Fjord & Flint,Blue Avenue,Folk,Norway,tablet,0,3.19
1032,2024-11-30,Sara Lindqvist,Northern Radio,Pop,Sweden,phone,1,0.96
807,29-09-2024,Selva Alta,Harbour Lines,Latin,Peru,phone,0,5.11
274,2024-03-22,Northern Signal,Bright Avenue,electronic,Norway,car,0,6.49 min
393,2024-04-27,Tundra Post,Paper Ferry,Electronic,Iceland,laptop,0,5.92
545,2024-06-17,Velvet Aqueduct,Velvet Ferry,ROCK,Italy,speaker,0,7.53
2073,30-11-2025,Rosewood Lane,Paper Mornings,Folk,United Kingdom,speaker,0,3.69
701,2024-08-28,Basement Cartography,Broken Kitchen,Indie,Canada,laptop,0,2.2
847,2024-10-09,Pale Cartography,Bright Tape,folk,Canada,laptop,0,4.29
158,2024-02-14,Fjord & Flint,Open Orbit,Folk,Norway,laptop,0,3.56
1904,19/10/2025,Sara Lindqvist,Golden Harbour,,Sweden,laptop,0,
2136,2025-12-17,DJ Kompas,Golden Weather,Electronic,Netherlands,phone,0,6.32 min
1174,15/01/2025,Glass Tram,Broken Mornings,Electronic,Germany,tablet,0,4.37
1028,2024-11-29,Luz de Enero,Paper Window,Latin,Spain,car,0,2.52
1476,2025-04-29,DJ Kompas,Hollow Radio,Electronic,Netherlands,phone,0,4.68
1129,2025-01-02,Fjord & Flint,Blue Ferry,Folk,Norway,PHONE,0,0.77
2032,2025-11-20,DJ Kompas,Golden Weather,Electronic,Netherlands,tablet,0,8.74
172,2024-02-17,Glass Tram,Salt Lines,Electronic,Germany,LAPTOP,0,6.95
802,2024-09-26,Mireille Basset,Harbour Machines,JAZZ,France,phone,0,5.62 min
115,2024-01-31,Neon Harbour,Blue Traffic,Electronic,Netherlands,laptop,0,3.39
1421,2025-04-11,Luz de Enero,Static Traffic,Latin,Spain,phone,0,3.69
872,17-10-2024,Hertz Garden,Blue Harbour,Electronic,Germany,phone,0,5.67
455,2024-05-16,Sara Lindqvist,Golden Harbour,Pop,Sweden,speaker,0,4.14
1059,2024-12-09,Yuki Tanaka Trio,Winter Parade,jazz,Japan,phone,0,6.75
699,2024-08-27,Sara Lindqvist,Broken Kitchen,Pop,Sweden,PHONE,1,0.19
772,2024-09-18,Mireille Basset,Harbour Window,Jazz,France,car,1,0.88
646,2024-08-03,Glass Tram,Broken Lines,Electronic,Germany,SPEAKER,0,4.9
686,2024-08-20,Nora Whitlock,Golden Tape,Pop,United States,laptop,0,
1624,2025-06-19,Sara Lindqvist,Electric Weather,pop,Sweden,laptop ,0,3.74
67,2024-01-17,Basement Cartography,Iron Traffic,Indie,Canada,tablet,0,3.20
548,2024-06-19,Glass Tram,Broken Lines,Electronic,Germany,tablet,0,6.96 min
1074,2024-12-12,Lagos Tape Club,Hollow Ferry,Afrobeat,Nigeria,laptop,0,4.18
44,2024-01-13,Sara Lindqvist,Slow Mornings,Pop,Sweden,laptop,0,2.84
1983,08/11/2025,Sara Lindqvist,Golden Harbour,POP,Sweden,car,0,5.22
1642,2025-06-29,The Quiet Wires,Golden Wires,Rock,United States,speaker,0,4.48
39,11-01-2024,Glass Tram,Broken Mornings,ELECTRONIC,Germany,speaker,0,6.36
323,2024-04-02,The Paper Kites Society,Velvet Wires,INDIE,Australia,speaker,0,6.12
1455,2025-04-23,The Quiet Wires,Harbour Orbit,Rock,United States,laptop,0,5.66
2122,2025-12-14,Fjord & Flint,Golden Garden,folk,Norway,phone,0,4.81
93,2024-01-24,Brannon Hill,Northern Machines,FOLK,Ireland,laptop,0,2.37
875,2024-10-17,Glass Tram,Amber Ferry,Electronic,Germany,phone,0,7.68
698,2024-08-27,Fjord & Flint,Summer Wires,Folk,Norway,phone,1,0.77
1049,2024-12-06,Northern Signal,Amber Rooms,Electronic,Norway,PHONE,0,7.1
2102,09/12/2025,Basement Cartography,Summer Orbit,Indie,Canada,speaker,0,4.85
817,2024-10-02,Glass Tram,Amber Ferry,Electronic,Germany,CAR,1,0.69
1472,2025-04-28,Kito Ndungu,Summer Machines,afrobeat,Kenya,laptop,0,0.4
700,28-08-2024,Sara Lindqvist,Golden Harbour,POP,Sweden,car,0,2.53
522,2024-06-08,Kito Ndungu,Northern Rooms,Afrobeat,Kenya,laptop ,0,
2078,2025-12-01,DJ Kompas,Harbour Kitchen,Electronic,Netherlands,LAPTOP,0,
1409,2025-04-03,Brannon Hill,Midnight Kitchen,folk,Ireland,laptop ,0,3.66
1303,04-03-2025,Sara Lindqvist,Broken Kitchen,Pop,Sweden,phone,0,4.55 min
549,2024-06-19,Kito Ndungu,Hollow Weather,afrobeat,Kenya,tablet,0,4.88
140,2024-02-09,Brannon Hill,Northern Machines,  Folk ,Ireland,phone,0,4.95
1043,2024-12-04,Kanto Kids,Slow Machines,Pop,Philippines,PHONE,1,0.22
2037,2025-11-21,Lagos Tape Club,Velvet Avenue,Afrobeat,NA,laptop,1,0.56
745,09/09/2024,Bright Utility,Salt Season,Indie,United Kingdom,speaker,0,4.56 min
404,30/04/2024,Sara Lindqvist,Midnight Orbit,POP,Sweden,phone,0,5.02
31,2024-01-07,Fjord & Flint,Open Orbit,Folk,Norway,speaker,0,2.75
1392,2025-03-29,Lagos Tape Club,Hollow Ferry,AFROBEAT,Nigeria,speaker,0,3.03
1337,2025-03-15,Fjord & Flint,Northern Avenue,FOLK,Norway,laptop,1,1.04
232,2024-03-09,Orquesta Bellavista,Broken Weather,Latin,Colombia,phone,0,3.73
1358,2025-03-19,Lagos Tape Club,Hollow Ferry,AFROBEAT,Nigeria,speaker,0,5.09
532,2024-06-12,Luz de Enero,Velvet Harbour,latin,Spain,PHONE,0,5.12
1270,2025-02-17,Lagos Tape Club,Velvet Avenue,Afrobeat,Nigeria,phone,1,0.46
1148,2025-01-07,Northern Signal,Golden Machines,Electronic,Norway,phone,0,6.86
2035,2025-11-20,Mireille Basset,Blue Window,Jazz,France,LAPTOP,1,2.67
1628,2025-06-21,Sara Lindqvist,Quiet Harbour,POP,Sweden,speaker,0,4.64
1041,2024-12-04,Hollow Pines,Winter Traffic,Folk,United States,laptop,0,2.14
861,2024-10-14,Kito Ndungu,Salt Ferry,  Afrobeat ,Kenya,,1,0.49
338,2024-04-07,Selva Alta,Open Orbit,Latin,Peru,laptop,0,2.34
107,2024-01-29,Selva Alta,Harbour Lines,Latin,Peru,laptop,0,1.85
43,12/01/2024,Sara Lindqvist,Summer Tape,pop,Sweden,phone,1,0.41
1812,17/09/2025,Bright Utility,Winter Window,Indie,United Kingdom,laptop,0,5.41
1665,2025-07-11,Nora Whitlock,Northern Machines,Pop,United States,car,0,3.43
1852,2025-10-03,Northern Signal,Bright Avenue,electronic,Norway,speaker,0,4.6
236,2024-03-10,Selva Alta,Electric Letters,  Latin ,Peru,laptop,0,2.5
1226,2025-02-01,Hertz Garden,Northern Kitchen,Electronic,Germany,tablet,0,3.99
444,2024-05-12,Neon Harbour,Paper Ferry,  Electronic ,Netherlands,car,0,6.42
219,2024-03-06,Fjord & Flint,Summer Wires,Folk,Norway,laptop,0,4.51
1700,2025-07-29,Rosewood Lane,Paper Mornings,folk,United Kingdom,laptop,0,
1260,2025-02-13,Mireille Basset,Midnight Traffic,JAZZ,France,car,0,8.88
11,2024-01-03,DJ Kompas,Midnight Weather,ELECTRONIC,Netherlands,phone,0,4.3
1258,2025-02-12,Lagos Tape Club,Velvet Avenue,afrobeat,Nigeria,phone,0,3.65
534,2024-06-13,Luz de Enero,Static Machines,latin,Spain,laptop,0,2.86
241,2024-03-12,Yuki Tanaka Trio,Winter Parade,  Jazz ,Japan,laptop,0,9.38
691,2024-08-22,Glass Tram,Broken Mornings,  Electronic ,Germany,phone,0,5.85
1205,2025-01-25,Fjord & Flint,Midnight Kitchen,Folk,Norway,speaker,0,2.84
636,2024-07-28,Cassette Revival,Salt Season,Indie,France,phone,1,0.52
1065,2024-12-10,Luz de Enero,Harbour Season,Latin,Spain,phone,0,4.23
2028,2025-11-18,Luz de Enero,Northern Ferry,Latin,Spain,laptop,0,2.94
2170,2025-12-27,The Quiet Wires,Quiet Machines,Rock,United States,,0,5.49
2091,2025-12-05,Glass Tram,Broken Mornings,Electronic,Germany,speaker,0,2.79
468,2024-05-21,Static Meadow,Winter Mornings,Rock,United States,laptop,0,5.33
573,27/06/2024,Pale Cartography,Open Season,Folk,Canada,laptop,0,5.01
1381,2025-03-26,Kanto Kids,Broken Weather,Pop,Philippines,phone ,1,0.9
377,2024-04-21,Sara Lindqvist,Quiet Harbour,  Pop ,Sweden,car,0,5.03
779,2024-09-20,Lagos Tape Club,Open Radio,Afrobeat,Nigeria,speaker,1,0.95
173,2024-02-17,Fjord & Flint,Blue Avenue,folk,Norway,phone,0,4.41
92,2024-01-23,Fjord & Flint,Summer Wires,Folk,Norway,laptop,0,4.32
1865,06/10/2025,Basement Cartography,Paper Kitchen,Indie,Canada,phone,0,4.02
551,19/06/2024,Sara Lindqvist,Slow Mornings,Pop,Sweden,laptop,0,4.69
2025,2025-11-18,Lagos Tape Club,Open Radio,Afrobeat,NA,LAPTOP,0,5.26
164,15/02/2024,Lagos Tape Club,Hollow Ferry,Afrobeat,Nigeria,phone,0,4.14
1552,2025-05-21,Static Meadow,Bright Traffic,Rock,United States,speaker,0,3.56
1161,2025-01-12,Brannon Hill,Bright Mornings,Folk,Ireland,phone,0,4.14
1600,2025-06-06,Northern Signal,Electric Avenue,Electronic,Norway,phone ,0,6.11
612,2024-07-17,Sara Lindqvist,Broken Kitchen,Pop,Sweden,phone,0,3.66
463,2024-05-18,DJ Kompas,Quiet Orbit,Electronic,Netherlands,phone,0,8.4
648,2024-08-05,DJ Kompas,Golden Weather,Electronic,Netherlands,laptop,0,5.49
1741,2025-08-20,Luz de Enero,Summer Rooms,Latin,Spain,phone,0,5.52
320,2024-04-01,Glass Tram,Amber Ferry,Electronic,Germany,LAPTOP,0,5.73
1156,10-01-2025,Glass Tram,Amber Ferry,Electronic,Germany,laptop,0,3.79 min
1103,2024-12-24,Glass Tram,Broken Mornings,Electronic,Germany,speaker ,1,1.81
1236,05/02/2025,Fjord & Flint,Blue Avenue,Folk,Norway,speaker,0,6.46
1753,2025-08-27,Basement Cartography,Paper Kitchen,Indie,Canada,LAPTOP,0,
584,02/07/2024,Fjord & Flint,Blue Avenue,Folk,Norway,phone,0,3.28
1067,2024-12-10,Basement Cartography,Blue Traffic,,NA,laptop,0,4.92
121,2024-02-01,Fjord & Flint,Broken Radio,Folk,Norway,car,0,6.33
746,2024-09-10,Fjord & Flint,Blue Ferry,Folk,Norway,phone,0,6.67
2168,2025-12-26,The Long Commute,Winter Traffic,Indie,Netherlands,phone,0,5.86
355,2024-04-13,The Long Commute,Midnight Radio,Indie,Netherlands,phone ,0,4.2
301,2024-03-27,The Tuesday Club,Amber Harbour,Pop,United Kingdom,phone,0,3.58
904,23/10/2024,DJ Kompas,Hollow Radio,Electronic,Netherlands,phone,0,6.99
2089,2025-12-05,Casa Tropicana,Blue Machines,LATIN,Cuba,phone,0,4.1
1823,2025-09-21,Luz de Enero,Northern Ferry,Latin,Spain,laptop,0,4.25
387,2024-04-26,DJ Kompas,Quiet Orbit,ELECTRONIC,Netherlands,TABLET,0,6.75
257,19/03/2024,Basement Cartography,Iron Traffic,Indie,Canada,phone,1,
37,2024-01-10,The Paper Kites Society,Electric Lines,Indie,Australia,speaker,0,3.72
1564,2025-05-25,Lagos Tape Club,Open Radio,Afrobeat,Nigeria,CAR,0,4.89
1030,2024-11-30,Cassette Revival,Slow Signal,Indie,France,phone,1,0.36
1120,2024-12-30,Hertz Garden,Paper Signal,Electronic,Germany,phone,0,6.7
1006,2024-11-22,DJ Kompas,Quiet Orbit,Electronic,Netherlands,PHONE,0,8.3
1249,09/02/2025,Lagos Tape Club,Winter Rooms,Afrobeat,Nigeria,tablet ,0,5.82
1071,12/12/2024,The Slow Ferry,Winter Weather,  Indie ,Ireland,LAPTOP,0,2.5
1770,05/09/2025,Mireille Basset,Harbour Machines,Jazz,France,LAPTOP,0,
1519,10-05-2025,Yuki Tanaka Trio,Golden Window,  Jazz ,Japan,car,0,9.37
1567,26/05/2025,Circuit Sparrow,Slow Parade,ELECTRONIC,Japan,phone,0,5.79
1808,2025-09-16,Sara Lindqvist,Golden Harbour,Pop,Sweden,PHONE ,0,6.05
429,2024-05-07,Marta Oliveira,Static Wires,Jazz,Portugal,CAR,1,1.39
925,2024-10-29,DJ Kompas,Paper Rooms,Electronic,Netherlands,phone,0,7.21
1468,25/04/2025,Fjord & Flint,Blue Ferry,Folk,Norway,laptop,0,3.46
1082,2024-12-15,Pale Cartography,Winter Weather,FOLK,Canada,laptop,0,
1557,2025-05-22,Fjord & Flint,Midnight Kitchen,Folk,Norway,phone,0,3.95
579,2024-06-30,Salon Mécanique,Golden Tape,Jazz,Belgium,phone,0,7.88
1847,2025-10-01,Lagos Tape Club,Open Radio,afrobeat,Nigeria,laptop ,0,0.58
1039,2024-12-02,Pale Cartography,Winter Weather,Folk,Canada,speaker,0,4.69
1752,2025-08-26,Glass Tram,Broken Lines,Electronic,Germany,laptop,0,3.07
1940,2025-10-29,Nora Whitlock,Northern Rooms,POP,United States,PHONE ,0,3.92
46,2024-01-13,Northern Signal,Electric Avenue,Electronic,Norway,SPEAKER ,0,5.15
1942,2025-10-29,Luz de Enero,Paper Window,  Latin ,Spain,LAPTOP,0,1.86
442,2024-05-11,Basement Cartography,Iron Traffic,Indie,Canada,phone,1,1.08
255,2024-03-17,Hertz Garden,Broken Kitchen,Electronic,Germany,phone,1,0.24
1139,2025-01-05,Hollow Pines,Bright Garden,folk,United States,laptop,0,4.60
2148,21-12-2025,Rosewood Lane,Golden Letters,,United Kingdom,laptop ,0,2.32
1902,2025-10-18,Glass Tram,Broken Lines,Electronic,Germany,phone,0,7.66
1080,2024-12-14,Lagos Tape Club,Hollow Ferry,Afrobeat,Nigeria,phone,0,5.95
974,2024-11-13,Brannon Hill,Bright Mornings,Folk,Ireland,phone ,0,3.74
1368,2025-03-23,Fjord & Flint,Summer Wires,FOLK,Norway,speaker,1,1.19
165,2024-02-15,Glass Tram,Broken Mornings,Electronic,Germany,laptop,0,4.41
611,2024-07-17,Fjord & Flint,Open Orbit,Folk,Norway,laptop,1,0.73
1493,2025-05-03,Yuki Tanaka Trio,Harbour Season,Jazz,Japan,tablet,0,8.28
963,2024-11-09,Glass Tram,Amber Ferry,Electronic,Germany,speaker,0,7.42
322,2024-04-02,The Quiet Wires,Quiet Machines,Rock,United States,PHONE,0,5.47
2166,2025-12-26,Fjord & Flint,Blue Ferry,Folk,Norway,phone,0,5.57
2031,20/11/2025,Northern Signal,Salt Lines,Electronic,Norway,,0,4.32
1926,2025-10-24,DJ Kompas,Paper Signal,,Netherlands,PHONE,0,4.56
351,12/04/2024,Rosewood Lane,Golden Garden,Folk,United Kingdom,speaker,0,1.08
1360,2025-03-20,Luz de Enero,Velvet Harbour,LATIN,Spain,speaker,1,0.4
1846,2025-09-30,The Tuesday Club,Open Lines,Pop,United Kingdom,CAR,0,3.67
985,2024-11-15,Casa Tropicana,Harbour Orbit,latin,Cuba,phone,0,5.19
1097,21/12/2024,Hollow Pines,Bright Garden,Folk,United States,speaker,0,2.66
2172,2025-12-28,Yuki Tanaka Trio,Golden Window,Jazz,Japan,speaker ,0,6.88
1549,2025-05-19,The Paper Kites Society,Amber Window,INDIE,Australia,phone,0,6.06
368,18-04-2024,Fjord & Flint,Golden Garden,Folk,Norway,car,0,3.07
21,2024-01-05,Yuki Tanaka Trio,Northern Lines,jazz,Japan,phone,0,9.19
464,18-05-2024,Pale Cartography,Open Orbit,FOLK,Canada,phone,0,3.8
113,2024-01-30,Hertz Garden,Broken Kitchen,Electronic,Germany,laptop,1,2.47
1562,2025-05-24,Glass Tram,Broken Mornings,Electronic,Germany,speaker,1,0.37
1380,2025-03-25,The Slow Ferry,Iron Weather,indie,Ireland,laptop,0,4.45
942,2024-11-02,Lagos Tape Club,Velvet Avenue,Afrobeat,Nigeria,laptop,0,2.57
1244,08/02/2025,Kito Ndungu,Bright Weather,AFROBEAT,Kenya,tablet,0,5.62
1327,2025-03-12,Brannon Hill,Bright Mornings,Folk,NA,phone,0,1.95
2087,2025-12-04,Northern Signal,Salt Lines,Electronic,Norway,car,0,3.44
2049,2025-11-23,Yuki Tanaka Trio,Northern Window,Jazz,Japan,speaker,0,3.64
1162,2025-01-12,Sara Lindqvist,Golden Harbour,pop,Sweden,SPEAKER,0,1.58
184,2024-02-23,Sara Lindqvist,Northern Radio,Pop,Sweden,phone,0,3.89
1498,2025-05-04,Lagos Tape Club,Hollow Ferry,Afrobeat,Nigeria,phone,0,4.90
1259,2025-02-12,Mireille Basset,Midnight Traffic,Jazz,France,speaker,0,5.64
240,2024-03-11,Static Meadow,Amber Tape,Rock,United States,SPEAKER,0,5.15
874,2024-10-17,Orquesta Bellavista,Velvet Garden,Latin,Colombia,phone,0,2.58
1517,10/05/2025,DJ Kompas,Paper Signal,  Electronic ,Netherlands,PHONE,0,7.02 min
1905,2025-10-19,Northern Signal,Amber Lines,Electronic,Norway,speaker,0,4.64
1300,2025-03-02,DJ Kompas,Bright Ferry,Electronic,Netherlands,phone,0,4.68
20,2024-01-05,Lagos Tape Club,Hollow Ferry,Afrobeat,Nigeria,phone,0,3.8
471,2024-05-22,Kito Ndungu,Northern Rooms,Afrobeat,Kenya,phone,0,1.57
1317,2025-03-08,Bright Utility,Bright Letters,Indie,NA,phone,0,5.01
1336,2025-03-14,Fjord & Flint,Broken Radio,FOLK,Norway,laptop,0,3.92
916,2024-10-27,The Paper Kites Society,Hollow Letters,Indie,Australia,speaker ,0,5.86
252,2024-03-16,Glass Tram,Salt Lines,Electronic,Germany,phone,0,4.47
506,2024-05-31,DJ Kompas,Electric Mornings,ELECTRONIC,Netherlands,speaker,0,7.3
1427,13/04/2025,Fjord & Flint,Northern Avenue,Folk,Norway,laptop,0,1.02
1385,2025-03-27,Sara Lindqvist,Golden Harbour,Pop,Sweden,phone,0,0.77 min
1946,29/10/2025,Brannon Hill,Midnight Kitchen,folk,Ireland,phone ,0,1.33
879,2024-10-18,Sara Lindqvist,Electric Weather,pop,Sweden,phone,0,4.03
116,31/01/2024,Fjord & Flint,Broken Radio,FOLK,Norway,phone,0,2.79
373,2024-04-20,Glass Tram,Amber Ferry,Electronic,Germany,car,0,5.64
2093,2025-12-05,Sara Lindqvist,Quiet Harbour,Pop,Sweden,phone,0,3.43
774,2024-09-18,Fjord & Flint,Blue Traffic,FOLK,Norway,phone,1,0.85
1605,2025-06-09,Luz de Enero,Static Machines,Latin,Spain,SPEAKER,0,0.4
1494,2025-05-03,Sara Lindqvist,Midnight Orbit,Pop,Sweden,SPEAKER,0,4.04
912,2024-10-26,Fjord & Flint,Northern Avenue,Folk,Norway,PHONE,0,4.63
1880,2025-10-12,Lagos Tape Club,Velvet Avenue,Afrobeat,Nigeria,speaker,1,0.59 min
500,30/05/2024,Marta Oliveira,Paper Avenue,Jazz,Portugal,speaker,0,8.18
962,2024-11-09,DJ Kompas,Paper Rooms,Electronic,Netherlands,car,0,4.5
5,2024-01-01,Basement Cartography,Summer Season,Indie,Canada,laptop,0,2.16
1673,2025-07-16,Glass Tram,Broken Lines,electronic,Germany,car,0,4.64
1795,12-09-2025,Glass Tram,Broken Lines,electronic,Germany,phone,0,3.75
606,14-07-2024,The Slow Ferry,Amber Mornings,Indie,NA,phone,0,4.08
1804,2025-09-15,Glass Tram,Amber Ferry,,Germany,laptop,0,4.18
1364,2025-03-21,DJ Kompas,Hollow Radio,Electronic,Netherlands,PHONE ,0,6.55
595,2024-07-06,Static Meadow,Open Rooms,Rock,United States,speaker ,0,5.46 min
2146,2025-12-21,Marta Oliveira,Static Wires,Jazz,Portugal,phone,0,6.92
1083,2024-12-16,Lagos Tape Club,Hollow Ferry,Afrobeat,Nigeria,speaker,0,5.12
1232,2025-02-03,Bright Utility,Winter Window,Indie,United Kingdom,laptop,1,0.95
1850,2025-10-02,Yuki Tanaka Trio,Winter Parade,Jazz,Japan,phone,1,0.3
2020,17/11/2025,Glass Tram,Broken Mornings,ELECTRONIC,NA,phone,0,7.06
411,2024-05-02,The Tuesday Club,Broken Harbour,Pop,United Kingdom,SPEAKER,0,4.74
403,2024-04-30,The Slow Ferry,Velvet Season,Indie,Ireland,phone,0,4.08
1976,2025-11-06,Mireille Basset,Static Signal,Jazz,France,speaker,0,5.48
2036,20/11/2025,DJ Kompas,Golden Weather,Electronic,Netherlands,speaker,0,7.81
213,2024-03-05,Lagos Tape Club,Hollow Ferry,Afrobeat,Nigeria,phone,0,3.19
702,2024-08-28,DJ Kompas,Electric Mornings,Electronic,Netherlands,car,0,4.68
13,2024-01-03,Glass Tram,Broken Lines,Electronic,Germany,speaker,0,10.77
1166,12/01/2025,The Long Commute,Midnight Weather,Indie,Netherlands,phone,1,1.02
187,24/02/2024,Basement Cartography,Velvet Kitchen,Indie,Canada,phone,0,4.52
1951,2025-10-30,Brannon Hill,Electric Parade,folk,Ireland,laptop,0,5.89
1444,18/04/2025,The Paper Kites Society,Slow Rooms,Indie,Australia,phone,0,4.42
978,2024-11-14,Fjord & Flint,Blue Avenue,Folk,Norway,phone,0,4.0
1657,2025-07-07,Marta Oliveira,Paper Avenue,JAZZ,Portugal,phone,0,9.95
250,2024-03-15,Static Meadow,Bright Traffic,Rock,United States,speaker,0,2.94
334,2024-04-06,Nora Whitlock,Northern Machines,Pop,United States,PHONE,0,5.14
405,30/04/2024,Lagos Tape Club,Open Radio,  Afrobeat ,Nigeria,phone,1,0.77
540,2024-06-15,The Quiet Wires,Golden Wires,rock,United States,speaker,0,2.91
273,2024-03-22,Bright Utility,Broken Machines,Indie,United Kingdom,laptop,0,5.01
2,01/01/2024,Basement Cartography,Summer Season,Indie,Canada,laptop,0,2.42
222,07/03/2024,Static Meadow,Broken Season,Rock,United States,tablet,0,3.55
1321,2025-03-10,Fjord & Flint,Midnight Kitchen,FOLK,Norway,phone,0,6.63
129,03-02-2024,Selva Alta,Electric Letters,LATIN,Peru,phone,0,3.81
1027,29-11-2024,DJ Kompas,Hollow Radio,ELECTRONIC,Netherlands,car,0,
1242,2025-02-08,Fjord & Flint,Blue Ferry,Folk,NA,phone,0,1.26
781,2024-09-20,DJ Kompas,Paper Rooms,Electronic,Netherlands,car,0,4.81
510,2024-06-02,The Slow Ferry,Amber Garden,Indie,Ireland,phone,0,2.86
1180,2025-01-17,Luz de Enero,Paper Window,latin,Spain,LAPTOP,1,1.26
1095,2024-12-21,The Paper Kites Society,Amber Window,Indie,Australia,SPEAKER,0,5.99
1593,2025-06-04,Lagos Tape Club,Velvet Avenue,AFROBEAT,Nigeria,phone,0,2.08
119,31/01/2024,DJ Kompas,Paper Rooms,Electronic,Netherlands,phone,0,7.03
342,2024-04-09,The Slow Ferry,Amber Garden,Indie,Ireland,phone,0,3.18
1482,2025-04-30,Basement Cartography,Broken Kitchen,Indie,Canada,SPEAKER,0,3.26
839,2024-10-07,DJ Kompas,Harbour Kitchen,electronic,Netherlands,phone,0,4.13
1948,30/10/2025,Glass Tram,Broken Lines,Electronic,Germany,phone,0,3.3
1454,2025-04-23,Luz de Enero,Paper Window,Latin,Spain,phone,0,3.69
908,2024-10-25,Glass Tram,Salt Lines,electronic,Germany,speaker,0,5.37
629,2024-07-24,Sara Lindqvist,Golden Harbour,pop,Sweden,laptop ,0,3.57
1490,02/05/2025,Sara Lindqvist,Midnight Orbit,Pop,Sweden,LAPTOP,0,2.18
1326,2025-03-12,Lagos Tape Club,Winter Rooms,AFROBEAT,Nigeria,speaker,0,4.72
801,2024-09-26,The Long Commute,Hollow Mornings,indie,Netherlands,LAPTOP,0,4.87
2103,2025-12-09,Salon Mécanique,Open Season,Jazz,Belgium,,0,7.03
2161,2025-12-25,Kito Ndungu,Amber Kitchen,Afrobeat,Kenya,PHONE,1,0.17
89,23/01/2024,Yuki Tanaka Trio,Northern Window,Jazz,Japan,phone,0,5.92
1002,22/11/2024,Glass Tram,Broken Mornings,Electronic,Germany,phone,0,8.68
208,2024-03-02,Yuki Tanaka Trio,Golden Machines,  Jazz ,Japan,PHONE,0,
921,2024-10-28,Casa Tropicana,Blue Machines,Latin,NA,phone,0,2.66
1010,24/11/2024,Lagos Tape Club,Hollow Ferry,  Afrobeat ,Nigeria,laptop,0,5.59
1952,2025-10-30,Glass Tram,Broken Mornings,electronic,Germany,speaker,0,7.52
1874,2025-10-10,Sara Lindqvist,Electric Weather,Pop,Sweden,phone,0,3.45
1443,2025-04-17,DJ Kompas,Midnight Weather,ELECTRONIC,Netherlands,laptop,0,6.89
292,25-03-2024,Kito Ndungu,Salt Ferry,Afrobeat,Kenya,phone ,0,2.69
1554,2025-05-21,Luz de Enero,Harbour Season,  Latin ,Spain,PHONE,0,7.08
1814,2025-09-19,DJ Kompas,Midnight Weather,Electronic,Netherlands,laptop,0,5.44
725,2024-09-05,Sara Lindqvist,Quiet Harbour,pop,Sweden,laptop,0,1.86
1793,2025-09-10,The Slow Ferry,Iron Weather,Indie,Ireland,phone,0,6.09
99,2024-01-26,Rosewood Lane,Summer Signal,Folk,United Kingdom,laptop,0,2.67
1373,2025-03-24,Glass Tram,Broken Lines,Electronic,Germany,phone,0,5.11
86,2024-01-22,Sara Lindqvist,Golden Harbour,Pop,Sweden,phone,0,1.28
2026,2025-11-18,Lagos Tape Club,Open Radio,AFROBEAT,Nigeria,laptop,0,5.09
1077,2024-12-13,Glass Tram,Salt Lines,Electronic,Germany,laptop,1,0.42
768,2024-09-18,The Tuesday Club,Northern Ferry,Pop,United Kingdom,speaker,1,0.39
1175,2025-01-16,Sara Lindqvist,Northern Radio,POP,Sweden,,0,3.1 min
1731,2025-08-14,The Tuesday Club,Salt Wires,POP,United Kingdom,tablet,0,1.88
2117,13/12/2025,DJ Kompas,Paper Signal,ELECTRONIC,Netherlands,phone,0,5.94
1606,10/06/2025,Cassette Revival,Harbour Wires,INDIE,France,laptop,0,4.99
1955,2025-10-31,Luz de Enero,Paper Window,Latin,Spain,laptop,0,3.86
750,2024-09-13,Static Meadow,Amber Tape,Rock,United States,car ,0,2.51
1889,2025-10-14,Fjord & Flint,Broken Radio,Folk,Norway,laptop,0,
1978,2025-11-07,Brannon Hill,Northern Machines,folk,Ireland,,1,
2046,2025-11-23,Marta Oliveira,Static Wires,JAZZ,Portugal,PHONE,0,6.12
137,2024-02-08,Yuki Tanaka Trio,Harbour Season,JAZZ,Japan,phone,0,7.27
1152,2025-01-09,Fjord & Flint,Blue Ferry,Folk,Norway,laptop,0,4.27
2055,2025-11-26,DJ Kompas,Midnight Weather,Electronic,Netherlands,speaker,0,5.65
449,2024-05-13,DJ Kompas,Harbour Kitchen,  Electronic ,Netherlands,phone,0,4.22
1417,2025-04-07,Kanto Kids,Broken Weather,POP,Philippines,laptop,0,3.16
1612,2025-06-12,Nora Whitlock,Northern Machines,Pop,United States,phone,0,4.59
60,16/01/2024,Mireille Basset,Midnight Traffic,Jazz,France,PHONE,0,6.73
956,2024-11-05,Glass Tram,Amber Ferry,ELECTRONIC,Germany,car,0,5.34
2083,2025-12-03,Cassette Revival,Hollow Radio,Indie,France,car,0,4.89
684,2024-08-18,Mireille Basset,Midnight Traffic,Jazz,France,phone,0,7.9 min
1384,2025-03-27,Static Meadow,Paper Parade,Rock,United States,,0,3.23
1257,12/02/2025,Lagos Tape Club,Bright Wires,Afrobeat,Nigeria,speaker,0,2.51
1447,2025-04-19,DJ Kompas,Bright Ferry,electronic,Netherlands,laptop,0,6.32
1400,2025-03-31,Rosewood Lane,Paper Mornings,Folk,United Kingdom,phone,0,
842,2024-10-08,Casa Tropicana,Blue Machines,LATIN,Cuba,LAPTOP ,0,1.32
2057,2025-11-26,Sara Lindqvist,Midnight Orbit,Pop,Sweden,phone,1,0.48
2003,2025-11-13,Luz de Enero,Harbour Season,Latin,Spain,car,1,0.61
561,2024-06-24,The Paper Kites Society,Electric Radio,Indie,Australia,tablet,0,2.95
231,2024-03-09,DJ Kompas,Paper Signal,,Netherlands,laptop,0,5.46
1900,17/10/2025,Yuki Tanaka Trio,Golden Machines,Jazz,Japan,phone ,0,6.85
714,2024-09-02,Lagos Tape Club,Winter Rooms,Afrobeat,Nigeria,speaker,0,2.85 min
742,2024-09-07,The Quiet Wires,Quiet Machines,Rock,United States,phone,0,4.8
1694,2025-07-27,The Paper Kites Society,Velvet Garden,indie,Australia,speaker,0,2.43
1734,2025-08-15,Fjord & Flint,Golden Garden,Folk,Norway,speaker,0,
720,2024-09-03,Lagos Tape Club,Velvet Avenue,Afrobeat,Nigeria,laptop,0,2.64
815,02/10/2024,Lagos Tape Club,Bright Wires,AFROBEAT,Nigeria,car,0,4.28
1641,2025-06-29,Rosewood Lane,Golden Letters,Folk,United Kingdom,speaker,0,1.28
1198,23/01/2025,Lagos Tape Club,Bright Wires,Afrobeat,Nigeria,speaker,0,1.77
2151,2025-12-22,Static Meadow,Open Rooms,Rock,United States,phone,0,4.52 min
1153,2025-01-09,Fjord & Flint,Broken Radio,FOLK,Norway,laptop,0,4.36
624,2024-07-22,The Quiet Wires,Quiet Rooms,Rock,United States,,0,5.67
27,2024-01-07,Sara Lindqvist,Broken Kitchen,Pop,Sweden,phone,1,0.81
282,2024-03-24,Basement Cartography,Paper Kitchen,Indie,Canada,phone,0,0.46
1645,2025-07-02,Yuki Tanaka Trio,Northern Window,Jazz,Japan,PHONE,0,5.85
1119,2024-12-29,Lagos Tape Club,Bright Wires,,Nigeria,PHONE,0,1.95
138,2024-02-08,Circuit Sparrow,Winter Window,Electronic,NA,laptop,0,7.39
1689,2025-07-23,Fjord & Flint,Open Orbit,,Norway,laptop,0,4.69
604,13-07-2024,The Paper Kites Society,Hollow Letters,Indie,Australia,laptop,0,4.79
1269,2025-02-17,The Tuesday Club,Northern Ferry,Pop,NA,phone,0,1.37
794,2024-09-24,Sara Lindqvist,Golden Harbour,  Pop ,Sweden,phone,0,2.69 min
1015,2024-11-25,Sara Lindqvist,Northern Radio,Pop,Sweden,phone,0,2.97
2180,2025-12-31,Tundra Post,Blue Weather,Electronic,Iceland,laptop,0,
1504,2025-05-05,Glass Tram,Broken Mornings,ELECTRONIC,Germany,laptop,0,4.54
490,27/05/2024,The Quiet Wires,Quiet Rooms,Rock,United States,phone,0,
1875,2025-10-10,Mireille Basset,Midnight Traffic,jazz,France,car,0,8.5
1362,2025-03-21,DJ Kompas,Midnight Weather,ELECTRONIC,Netherlands,speaker ,0,7.27
1779,2025-09-07,Lagos Tape Club,Bright Wires,afrobeat,Nigeria,laptop,0,5.26
1801,2025-09-14,Selva Alta,Harbour Orbit,LATIN,Peru,phone,0,5.24
410,2024-05-02,Brannon Hill,Bright Mornings,Folk,Ireland,phone,0,4.32
570,2024-06-27,Sara Lindqvist,Northern Radio,POP,Sweden,speaker,1,0.15
2132,2025-12-16,The Slow Ferry,Velvet Season,  Indie ,Ireland,CAR,1,0.32
591,2024-07-04,The Quiet Wires,Golden Season,ROCK,United States,phone,0,4.89
976,2024-11-13,Glass Tram,Broken Lines,electronic,Germany,phone ,0,6.65
1435,2025-04-14,DJ Kompas,Quiet Orbit,Electronic,Netherlands,phone,0,5.74
721,2024-09-04,Sara Lindqvist,Midnight Orbit,Pop,Sweden,phone,0,2.82
42,2024-01-12,Fjord & Flint,Summer Wires,  Folk ,Norway,laptop,0,3.3
926,2024-10-29,The Slow Ferry,Bright Rooms,Indie,Ireland,laptop,0,1.45
1566,2025-05-26,Basement Cartography,Summer Orbit,Indie,Canada,,0,3.29
2070,2025-11-29,Casa Tropicana,Salt Ferry,Latin,Cuba,laptop,0,5.02
1247,09/02/2025,Sara Lindqvist,Midnight Orbit,POP,Sweden,phone,0,0.73 min
55,15/01/2024,Brannon Hill,Electric Parade,Folk,Ireland,phone,0,2.04
1803,15/09/2025,Glass Tram,Salt Lines,Electronic,Germany,laptop,0,4.82
600,2024-07-10,Basement Cartography,Summer Orbit,Indie,Canada,car,0,3.45
81,21-01-2024,Bright Utility,Bright Letters,indie,United Kingdom,,1,0.86
1370,2025-03-23,Luz de Enero,Static Machines,LATIN,Spain,phone,0,3.59
603,2024-07-12,Casa Tropicana,Hollow Tape,Latin,Cuba,car,0,2.8
1669,2025-07-14,Fjord & Flint,Blue Traffic,FOLK,Norway,phone,0,
227,08/03/2024,Marta Oliveira,Electric Window,Jazz,Portugal,phone,0,7.75 min
1277,2025-02-19,Bright Utility,Broken Machines,Indie,United Kingdom,tablet ,0,3.41
751,2024-09-13,Fjord & Flint,Midnight Kitchen,Folk,Norway,car,1,0.32
1609,2025-06-11,Glass Tram,Broken Mornings,Electronic,Germany,laptop,0,4.71
489,2024-05-26,Glass Tram,Salt Lines,Electronic,Germany,PHONE,0,3.27
1735,2025-08-15,The Paper Kites Society,Harbour Rooms,,Australia,LAPTOP,1,0.25
969,2024-11-10,Lagos Tape Club,Velvet Avenue,Afrobeat,Nigeria,laptop,0,4.47
1036,01/12/2024,The Quiet Wires,Open Mornings,Rock,United States,SPEAKER,0,4.72 min
212,2024-03-04,The Long Commute,Northern Window,Indie,Netherlands,SPEAKER,0,2.56
19,2024-01-05,Kanto Kids,Broken Weather,  Pop ,Philippines,phone,0,2.88
1932,2025-10-26,Selva Alta,Harbour Orbit,latin,Peru,laptop,0,4.51
1016,2024-11-25,Lagos Tape Club,Bright Wires,Afrobeat,Nigeria,car,0,5.21
417,2024-05-04,Lagos Tape Club,Velvet Avenue,Afrobeat,Nigeria,car,0,5.02
2063,2025-11-28,DJ Kompas,Paper Rooms,Electronic,Netherlands,laptop ,0,8.02
1756,2025-08-29,Sara Lindqvist,Midnight Orbit,Pop,Sweden,phone,0,2.11 min
1939,2025-10-28,Northern Signal,Electric Avenue,Electronic,Norway,PHONE,0,5.56
995,2024-11-18,Fjord & Flint,Blue Avenue,FOLK,Norway,phone,0,3.07 min
2101,2025-12-08,Pale Cartography,Velvet Avenue,  Folk ,Canada,phone,0,3.6
1828,2025-09-24,Glass Tram,Salt Lines,,Germany,laptop,0,6.76
1710,05/08/2025,DJ Kompas,Electric Mornings,Electronic,Netherlands,CAR,0,5.24
1438,2025-04-16,Brannon Hill,Static Weather,Folk,Ireland,SPEAKER,0,4.89
1629,2025-06-21,Glass Tram,Amber Ferry,Electronic,Germany,phone,0,4.89
705,2024-08-30,DJ Kompas,Midnight Weather,Electronic,Netherlands,phone,0,7.62
635,2024-07-27,Mango Static,Hollow Parade,Latin,Brazil,tablet,0,3.85
1124,2025-01-01,Cassette Revival,Salt Parade,Indie,France,phone ,0,3.37
207,2024-03-02,Glass Tram,Amber Ferry,Electronic,Germany,laptop,0,5.0
2109,2025-12-10,Basement Cartography,Summer Season,  Indie ,Canada,phone ,0,3.52
409,2024-05-01,Glass Tram,Broken Lines,Electronic,Germany,PHONE,0,4.96
270,21-03-2024,Lagos Tape Club,Open Radio,Afrobeat,Nigeria,phone ,0,2.5 min
91,2024-01-23,Bright Utility,Bright Letters,Indie,United Kingdom,car,0,3.2
1547,2025-05-18,DJ Kompas,Bright Ferry,electronic,Netherlands,phone,0,
1531,2025-05-13,The Slow Ferry,Bright Rooms,  Indie ,Ireland,phone,0,4.93
1278,2025-02-19,Lagos Tape Club,Open Radio,Afrobeat,Nigeria,speaker,0,1.73
224,2024-03-08,Brannon Hill,Bright Mornings,FOLK,Ireland,,0,5.14
1402,2025-04-01,Selva Alta,Open Orbit,,Peru,laptop,0,1.88
1012,2024-11-25,Sara Lindqvist,Golden Harbour,POP,Sweden,phone,0,2.4
102,2024-01-27,Glass Tram,Broken Lines,Electronic,Germany,phone,0,
225,2024-03-08,Marta Oliveira,Paper Avenue,JAZZ,Portugal,LAPTOP,0,6.43
1176,2025-01-16,Glass Tram,Amber Ferry,Electronic,Germany,phone,1,0.55
2061,2025-11-27,Salon Mécanique,Velvet Machines,Jazz,Belgium,phone,0,7.53
959,2024-11-07,Brannon Hill,Static Weather,Folk,Ireland,PHONE,0,2.63
710,2024-09-02,Brannon Hill,Northern Machines,  Folk ,Ireland,speaker,0,
348,2024-04-11,Cassette Revival,Golden Traffic,INDIE,France,speaker ,0,0.4
72,2024-01-19,Yuki Tanaka Trio,Golden Window,JAZZ,Japan,laptop,0,9.23
806,2024-09-29,Pale Cartography,Bright Tape,FOLK,Canada,laptop,0,3.18
366,2024-04-17,Kito Ndungu,Amber Kitchen,Afrobeat,Kenya,phone,0,3.52
1936,27/10/2025,Mango Static,Hollow Radio,LATIN,Brazil,PHONE,0,5.29
478,24/05/2024,Pale Cartography,Open Season,  Folk ,Canada,phone,0,2.32
1553,2025-05-21,Hertz Garden,Amber Machines,Electronic,Germany,tablet ,0,5.06
986,2024-11-15,Fjord & Flint,Summer Wires,Folk,Norway,laptop,0,2.68
2092,2025-12-05,The Slow Ferry,Iron Weather,Indie,Ireland,phone,0,5.29
620,2024-07-20,DJ Kompas,Harbour Kitchen,ELECTRONIC,Netherlands,phone,0,5.04
117,2024-01-31,DJ Kompas,Midnight Weather,Electronic,Netherlands,speaker,0,4.61
36,2024-01-10,Nora Whitlock,Bright Garden,Pop,United States,phone,0,2.87
1489,2025-05-02,Bright Utility,Winter Window,indie,United Kingdom,phone,0,7.19
1528,12/05/2025,Marta Oliveira,Electric Mornings,Jazz,Portugal,phone,0,7.84
193,2024-02-27,Sara Lindqvist,Electric Weather,Pop,Sweden,laptop,0,1.65
901,2024-10-23,Sara Lindqvist,Slow Mornings,Pop,Sweden,phone,0,1.04
2074,2025-11-30,Fjord & Flint,Northern Avenue,Folk,Norway,laptop,0,5.91
1414,2025-04-04,Hertz Garden,Blue Orbit,Electronic,Germany,CAR,0,5.99
1102,2024-12-23,Glass Tram,Salt Lines,ELECTRONIC,Germany,phone,0,4.74
312,2024-03-30,Yuki Tanaka Trio,Golden Machines,,Japan,laptop,0,6.84
1890,2025-10-14,Sara Lindqvist,Golden Harbour,  Pop ,Sweden,,0,3.01
1968,03/11/2025,DJ Kompas,Paper Signal,Electronic,Netherlands,laptop,0,3.73
2113,2025-12-12,Brannon Hill,Electric Parade,Folk,Ireland,laptop,0,5.07
615,18/07/2024,Rosewood Lane,Golden Garden,Folk,United Kingdom,laptop,0,4.09
1881,2025-10-13,Glass Tram,Salt Lines,,Germany,phone,0,3.08
1729,13/08/2025,Static Meadow,Bright Traffic,rock,United States,laptop,0,4.54
572,27/06/2024,Rosewood Lane,Summer Signal,Folk,United Kingdom,laptop,0,1.34
716,2024-09-02,Lagos Tape Club,Velvet Avenue,Afrobeat,Nigeria,tablet,0,1.68
1666,2025-07-11,Rosewood Lane,Slow Rooms,FOLK,United Kingdom,phone,0,
1728,2025-08-13,Glass Tram,Broken Lines,Electronic,Germany,laptop,0,6.8
863,2024-10-15,Kito Ndungu,Summer Machines,Afrobeat,Kenya,phone,0,6.53
2129,2025-12-15,Static Meadow,Northern Avenue,rock,United States,speaker,0,4.71
853,2024-10-12,DJ Kompas,Hollow Radio,ELECTRONIC,Netherlands,car,0,4.76
2000,2025-11-12,DJ Kompas,Bright Ferry,Electronic,Netherlands,phone,1,0.56
462,2024-05-18,Static Meadow,Northern Avenue,Rock,United States,,1,0.25
927,2024-10-29,Yuki Tanaka Trio,Harbour Season,jazz,Japan,CAR,0,
350,2024-04-12,Sara Lindqvist,Northern Radio,POP,Sweden,,0,2.12
1197,2025-01-23,Glass Tram,Amber Ferry,electronic,Germany,laptop,0,4.5
1034,2024-11-30,Glass Tram,Salt Lines,Electronic,Germany,speaker,0,6.61
1416,2025-04-07,The Slow Ferry,Amber Garden,Indie,Ireland,laptop,0,5.06
939,2024-11-01,DJ Kompas,Midnight Weather,Electronic,Netherlands,phone,0,6.22
1261,2025-02-13,Sara Lindqvist,Midnight Orbit,Pop,Sweden,CAR,0,3.25
621,2024-07-20,Orquesta Bellavista,Open Orbit,LATIN,Colombia,,1,0.45
1995,2025-11-11,Mango Static,Hollow Radio,latin,Brazil,laptop,0,5.08
529,10/06/2024,Sara Lindqvist,Slow Mornings,Pop,Sweden,car,0,2.44
1984,2025-11-08,Fjord & Flint,Blue Avenue,Folk,Norway,phone,0,3.71
672,2024-08-14,The Slow Ferry,Iron Weather,indie,Ireland,phone ,0,5.71
977,2024-11-14,The Quiet Wires,Northern Tape,Rock,United States,LAPTOP,0,3.61
14,2024-01-03,Orquesta Bellavista,Velvet Garden,Latin,Colombia,speaker,0,2.88
316,2024-03-31,Hertz Garden,Broken Kitchen,Electronic,Germany,speaker,1,1.58
120,2024-02-01,Static Meadow,Northern Avenue,rock,United States,LAPTOP,1,0.87
1457,2025-04-23,Northern Signal,Bright Avenue,Electronic,Norway,laptop,0,4.6
947,2024-11-03,Static Meadow,Open Rooms,Rock,United States,phone ,0,5.75
892,20-10-2024,Pale Cartography,Open Orbit,folk,Canada,laptop,0,3.92
1480,2025-04-30,The Paper Kites Society,Slow Rooms,INDIE,Australia,PHONE ,0,3.76
752,2024-09-13,DJ Kompas,Hollow Radio,Electronic,Netherlands,phone,0,4.91
662,11/08/2024,Glass Tram,Salt Lines,electronic,Germany,phone,0,5.52
10,2024-01-02,Brannon Hill,Northern Machines,Folk,Ireland,laptop,0,2.62
1631,2025-06-22,Selva Alta,Electric Letters,Latin,NA,speaker,0,3.47
1732,2025-08-14,Lagos Tape Club,Winter Rooms,Afrobeat,Nigeria,SPEAKER,0,3.46
760,16/09/2024,Fjord & Flint,Blue Traffic,FOLK,Norway,speaker,0,5.15
1796,2025-09-12,Sara Lindqvist,Broken Kitchen,POP,Sweden,speaker,0,3.6
1712,07/08/2025,Tundra Post,Blue Weather,Electronic,Iceland,SPEAKER,0,8.35
834,2024-10-06,Static Meadow,Northern Avenue,ROCK,United States,laptop,0,3.5
1052,2024-12-07,Glass Tram,Salt Lines,Electronic,Germany,phone,1,0.54
8,2024-01-02,The Quiet Wires,Northern Tape,Rock,United States,tablet,0,6.03
29,2024-01-07,Fjord & Flint,Open Orbit,Folk,Norway,phone,0,4.12
1919,2025-10-22,Lagos Tape Club,Winter Rooms,AFROBEAT,Nigeria,LAPTOP,0,3.59
1224,2025-01-31,Yuki Tanaka Trio,Winter Parade,Jazz,Japan,phone,0,8.55
1573,27/05/2025,Pale Cartography,Blue Signal,Folk,Canada,SPEAKER,0,5.64
1582,2025-05-30,Selva Alta,Harbour Lines,latin,Peru,phone,0,3.58
756,15-09-2024,Kito Ndungu,Salt Ferry,Afrobeat,Kenya,speaker,0,3.77
1314,2025-03-07,DJ Kompas,Hollow Radio,Electronic,Netherlands,phone,0,6.76
828,2024-10-05,The Tuesday Club,Northern Ferry,Pop,United Kingdom,laptop ,0,2.48
560,2024-06-24,Glass Tram,Salt Lines,  Electronic ,Germany,phone,0,3.96
1150,2025-01-08,Sara Lindqvist,Slow Mornings,Pop,Sweden,laptop,0,2.71
505,2024-05-31,Static Meadow,Amber Tape,rock,United States,laptop,0,3.28
1659,2025-07-09,Lagos Tape Club,Velvet Avenue,Afrobeat,Nigeria,phone,0,6.4
1449,2025-04-19,Fjord & Flint,Summer Wires,Folk,Norway,phone,0,3.89
911,2024-10-26,The Quiet Wires,Harbour Orbit,Rock,United States,TABLET ,0,4.80
1555,2025-05-22,Luz de Enero,Summer Rooms,Latin,Spain,phone,0,3.44
2019,2025-11-16,Glass Tram,Broken Lines,ELECTRONIC,Germany,PHONE,1,1.15
504,31/05/2024,Brannon Hill,Midnight Kitchen,Folk,Ireland,phone,0,3.15
1841,29/09/2025,Static Meadow,Salt Mornings,Rock,United States,phone,0,4.32
145,2024-02-10,The Long Commute,Northern Window,Indie,Netherlands,PHONE ,0,2.89
1739,16/08/2025,Hertz Garden,Blue Harbour,Electronic,Germany,,0,
1451,2025-04-21,Static Meadow,Amber Tape,Rock,United States,phone,0,4.78
378,2024-04-21,Fjord & Flint,Northern Avenue,Folk,Norway,phone,0,3.08
466,2024-05-20,Selva Alta,Harbour Orbit,LATIN,Peru,phone,0,4.04
1413,2025-04-04,Lagos Tape Club,Open Radio,afrobeat,Nigeria,laptop,0,4.52
1367,2025-03-22,DJ Kompas,Electric Mornings,Electronic,Netherlands,speaker,0,6.46
1817,2025-09-19,The Long Commute,Broken Orbit,indie,Netherlands,speaker,0,3.24
542,2024-06-15,The Tuesday Club,Broken Harbour,Pop,United Kingdom,tablet,0,5.26
938,2024-11-01,DJ Kompas,Paper Signal,ELECTRONIC,Netherlands,laptop,0,6.22
1064,2024-12-10,Nora Whitlock,Northern Rooms,pop,United States,SPEAKER,0,4.95
1220,2025-01-30,Glass Tram,Broken Mornings,Electronic,Germany,phone,0,6.13
883,2024-10-19,Casa Tropicana,Golden Harbour,Latin,Cuba,phone,0,5.18
1654,2025-07-06,Yuki Tanaka Trio,Golden Machines,Jazz,Japan,laptop,0,6.41
1649,2025-07-05,The Paper Kites Society,Slow Rooms,Indie,Australia,,0,1.98
1135,2025-01-03,Fjord & Flint,Blue Ferry,Folk,Norway,phone,1,0.33
84,2024-01-21,Fjord & Flint,Northern Avenue,Folk,Norway,phone,1,0.49
855,2024-10-12,DJ Kompas,Midnight Weather,Electronic,Netherlands,tablet,0,6.48
1234,2025-02-04,Fjord & Flint,Golden Garden,Folk,Norway,car,0,5.48
1952,2025-10-30,Glass Tram,Broken Mornings,electronic,Germany,speaker,0,7.52
1419,2025-04-09,Northern Signal,Amber Lines,Electronic,Norway,phone,0,6.46
1061,2024-12-09,Sara Lindqvist,Summer Tape,POP,Sweden,phone,0,3.16
383,2024-04-23,Sara Lindqvist,Slow Mornings,Pop,Sweden,phone ,0,4.54
1843,2025-09-29,The Quiet Wires,Quiet Machines,rock,United States,laptop,0,
98,2024-01-26,Static Meadow,Bright Traffic,Rock,United States,phone,0,4.61
1100,2024-12-23,The Paper Kites Society,Hollow Letters,Indie,Australia,,0,3.06
914,2024-10-27,Fjord & Flint,Summer Wires,Folk,Norway,laptop,0,5.18
2098,2025-12-08,Sara Lindqvist,Northern Radio,Pop,Sweden,phone ,1,0.72
1425,2025-04-12,Static Meadow,Amber Tape,Rock,United States,laptop,0,3.93
1571,2025-05-27,Sara Lindqvist,Golden Harbour,POP,Sweden,laptop ,0,3.87
924,2024-10-29,Pale Cartography,Open Season,Folk,Canada,phone,0,3.16
1599,06/06/2025,DJ Kompas,Midnight Weather,Electronic,Netherlands,laptop,0,6.51
1359,2025-03-19,Bright Utility,Bright Letters,Indie,United Kingdom,car,0,5.83
1603,07/06/2025,Glass Tram,Broken Lines,Electronic,Germany,LAPTOP,0,5.35
992,2024-11-17,Rosewood Lane,Electric Weather,Folk,United Kingdom,phone,0,2.79
1526,2025-05-12,Glass Tram,Amber Ferry,Electronic,Germany,PHONE,0,6.6
303,2024-03-27,Luz de Enero,Paper Window,Latin,Spain,laptop,0,5.87
1721,2025-08-09,Static Meadow,Broken Season,ROCK,United States,LAPTOP,0,3.74
1985,2025-11-08,DJ Kompas,Harbour Kitchen,Electronic,Netherlands,PHONE,1,1.63
1340,16/03/2025,Fjord & Flint,Golden Garden,Folk,Norway,laptop,0,3.03
1,2024-01-01,Fjord & Flint,Golden Garden,Folk,Norway,phone,0,4.65
1937,2025-10-28,Rosewood Lane,Paper Mornings,Folk,United Kingdom,LAPTOP,0,5.27
1084,16/12/2024,Hertz Garden,Amber Machines,ELECTRONIC,Germany,laptop,1,1.7
587,2024-07-02,Lagos Tape Club,Hollow Ferry,Afrobeat,Nigeria,phone,0,5.75
174,17/02/2024,Glass Tram,Broken Lines,  Electronic ,Germany,PHONE,0,7.61
1836,28-09-2025,Hollow Pines,Winter Traffic,Folk,United States,tablet,0,2.12
1822,2025-09-21,Glass Tram,Broken Lines,Electronic,Germany,PHONE,0,5.19
1179,2025-01-16,DJ Kompas,Quiet Orbit,Electronic,Netherlands,laptop,0,8.40
243,2024-03-14,The Paper Kites Society,Velvet Garden,Indie,Australia,,0,5.09
1125,2025-01-01,Marta Oliveira,Electric Mornings,Jazz,Portugal,speaker,0,6.9
1856,2025-10-03,Luz de Enero,Summer Rooms,Latin,Spain,laptop,0,3.85
1289,2025-02-24,Pale Cartography,Open Orbit,Folk,Canada,phone,0,
2105,2025-12-09,Circuit Sparrow,Slow Parade,Electronic,Japan,tablet,1,0.43
932,30/10/2024,Lagos Tape Club,Open Radio,Afrobeat,Nigeria,phone,0,3.7
1844,2025-09-30,Kito Ndungu,Northern Rooms,Afrobeat,Kenya,phone,0,3.51
1797,12/09/2025,Glass Tram,Broken Mornings,  Electronic ,Germany,phone,0,6.26
2065,2025-11-28,Pale Cartography,Bright Tape,,Canada,speaker,0,
1604,2025-06-07,The Paper Kites Society,Amber Window,  Indie ,Australia,phone,0,4.45
1869,08/10/2025,Basement Cartography,Blue Mornings,INDIE,Canada,laptop,0,2.65
1228,2025-02-01,The Paper Kites Society,Harbour Rooms,INDIE,Australia,laptop,0,5.32
384,2024-04-25,Circuit Sparrow,Blue Kitchen,Electronic,Japan,phone,1,0.24
177,2024-02-19,Rosewood Lane,Amber Signal,folk,United Kingdom,,0,5.66
881,2024-10-18,Glass Tram,Amber Ferry,Electronic,Germany,speaker,0,9.93 min
799,2024-09-25,Sara Lindqvist,Midnight Orbit,Pop,Sweden,LAPTOP,0,
576,2024-06-29,Marta Oliveira,Static Wires,Jazz,Portugal,car,0,
1908,2025-10-20,Glass Tram,Salt Lines,Electronic,Germany,car,0,6.77
1267,15/02/2025,Fjord & Flint,Golden Garden,folk,Norway,tablet ,1,0.23
1660,2025-07-10,DJ Kompas,Harbour Kitchen,Electronic,Netherlands,phone,0,3.27
17,04-01-2024,Glass Tram,Amber Ferry,Electronic,Germany,laptop,0,7.93
2120,2025-12-13,The Paper Kites Society,Hollow Letters,Indie,Australia,phone,1,0.68
155,13-02-2024,DJ Kompas,Bright Ferry,ELECTRONIC,Netherlands,phone,0,4.5
2069,2025-11-28,DJ Kompas,Electric Mornings,Electronic,Netherlands,phone,0,
1369,2025-03-23,Static Meadow,Northern Avenue,Rock,United States,car,0,4.58
1085,17/12/2024,Lagos Tape Club,Hollow Ferry,AFROBEAT,Nigeria,speaker,1,1.18
1157,2025-01-10,Lagos Tape Club,Open Radio,afrobeat,Nigeria,phone,0,
265,20-03-2024,Static Meadow,Amber Tape,Rock,United States,phone,1,0.64
1623,2025-06-18,Brannon Hill,Quiet Ferry,Folk,Ireland,PHONE,0,5.11
1491,2025-05-02,Glass Tram,Broken Mornings,electronic,Germany,laptop,0,3.87
758,2024-09-16,The Paper Kites Society,Electric Radio,INDIE,Australia,speaker ,0,1.18
1692,26-07-2025,Selva Alta,Electric Letters,latin,Peru,phone,0,3.38
1471,2025-04-27,Lagos Tape Club,Open Radio,AFROBEAT,Nigeria,laptop,0,5.43
671,2024-08-14,The Slow Ferry,Iron Weather,INDIE,Ireland,speaker,0,0.51
437,2024-05-09,Fjord & Flint,Blue Ferry,Folk,Norway,PHONE,0,5.32
681,2024-08-17,Marta Oliveira,Paper Avenue,Jazz,Portugal,phone,0,
88,2024-01-23,Fjord & Flint,Golden Garden,Folk,Norway,speaker,0,4.08
2071,2025-11-29,Pale Cartography,Bright Tape,Folk,Canada,laptop,1,0.98
1870,2025-10-08,Yuki Tanaka Trio,Northern Lines,Jazz,Japan,tablet,0,7.81
676,15/08/2024,Fjord & Flint,Summer Wires,  Folk ,Norway,phone,0,3.56
1351,18/03/2025,Yuki Tanaka Trio,Northern Window,JAZZ,Japan,phone,0,10.04
1379,2025-03-25,Lagos Tape Club,Hollow Ferry,  Afrobeat ,Nigeria,laptop,0,4.72
1508,2025-05-08,Fjord & Flint,Golden Garden,Folk,Norway,phone,0,5.11
565,2024-06-26,Brannon Hill,Static Weather,folk,Ireland,car,0,0.4
1393,2025-03-29,Basement Cartography,Broken Kitchen,Indie,Canada,speaker,1,0.97
1858,2025-10-04,Selva Alta,Harbour Orbit,Latin,Peru,laptop,1,0.47
1444,18/04/2025,The Paper Kites Society,Slow Rooms,Indie,Australia,phone,0,4.42
1993,10-11-2025,Northern Signal,Electric Avenue,ELECTRONIC,Norway,PHONE,1,1.43
634,27/07/2024,Fjord & Flint,Northern Avenue,FOLK,Norway,phone,1,
1206,2025-01-25,Sara Lindqvist,Broken Kitchen,pop,Sweden,speaker,0,4.54
1420,2025-04-09,Bright Utility,Broken Machines,INDIE,United Kingdom,phone,0,4.33
346,2024-04-11,Kito Ndungu,Hollow Weather,AFROBEAT,Kenya,phone,1,0.34
1575,2025-05-28,Bright Utility,Bright Letters,Indie,United Kingdom,speaker ,0,6.5
459,2024-05-17,Basement Cartography,Broken Kitchen,INDIE,Canada,laptop,0,2.52
1922,2025-10-23,Rosewood Lane,Electric Weather,Folk,United Kingdom,speaker,0,
1925,2025-10-24,Nora Whitlock,Bright Garden,  Pop ,United States,laptop ,0,2.97
1558,2025-05-23,Fjord & Flint,Summer Wires,  Folk ,Norway,phone,0,6.41
2149,2025-12-21,The Paper Kites Society,Amber Window,Indie,Australia,speaker,0,2.6
2096,2025-12-07,Lagos Tape Club,Velvet Avenue,Afrobeat,Nigeria,phone,0,3.27
2045,2025-11-23,DJ Kompas,Midnight Weather,  Electronic ,Netherlands,PHONE,0,5.57
2060,2025-11-27,Casa Tropicana,Golden Harbour,Latin,Cuba,phone,0,2.60
1301,2025-03-03,Brannon Hill,Electric Parade,  Folk ,Ireland,speaker,0,5.21
1740,2025-08-18,Sara Lindqvist,Electric Weather,Pop,Sweden,phone,0,1.84
1274,18/02/2025,Sara Lindqvist,Golden Harbour,POP,Sweden,CAR,0,3.65
765,2024-09-17,Fjord & Flint,Blue Avenue,Folk,Norway,phone ,0,2.12 min
299,27/03/2024,Lagos Tape Club,Winter Rooms,Afrobeat,Nigeria,laptop,0,3.85
915,2024-10-27,Kito Ndungu,Hollow Weather,Afrobeat,Kenya,SPEAKER,0,5.71
509,2024-06-02,Sara Lindqvist,Quiet Harbour,pop,Sweden,phone,0,3.49 min
568,2024-06-26,The Quiet Wires,Harbour Orbit,rock,United States,phone,0,6.79 min
1667,2025-07-12,Brannon Hill,Quiet Ferry,folk,Ireland,phone,0,1.69
1777,06/09/2025,DJ Kompas,Golden Weather,Electronic,Netherlands,laptop,0,5.11
1428,2025-04-13,Sara Lindqvist,Quiet Harbour,pop,Sweden,phone,0,
512,2024-06-03,Glass Tram,Broken Lines,electronic,Germany,laptop,0,3.79
371,2024-04-19,Static Meadow,Open Rooms,Rock,United States,speaker,0,3.85
2176,30-12-2025,Marta Oliveira,Paper Avenue,Jazz,Portugal,phone,0,11.01
1281,21/02/2025,Sara Lindqvist,Northern Radio,  Pop ,Sweden,car,0,3.33 min
1614,2025-06-12,Static Meadow,Salt Mornings,Rock,United States,CAR,0,6.52
757,2024-09-15,Glass Tram,Amber Ferry,Electronic,Germany,car,0,5.65
885,2024-10-19,Luz de Enero,Static Machines,latin,Spain,laptop ,0,3.85
2034,2025-11-20,DJ Kompas,Paper Rooms,Electronic,Netherlands,phone,0,6.53
893,2024-10-21,Brannon Hill,Bright Mornings,FOLK,Ireland,phone,0,2.41
511,02/06/2024,Northern Signal,Electric Avenue,Electronic,Norway,PHONE,0,8.62
1934,2025-10-27,Lagos Tape Club,Bright Wires,Afrobeat,Nigeria,PHONE,0,3.64
531,2024-06-12,The Quiet Wires,Quiet Rooms,rock,United States,speaker,1,1.19
2072,2025-11-30,Mireille Basset,Harbour Window,JAZZ,France,speaker,0,6.71
734,2024-09-06,Glass Tram,Salt Lines,electronic,Germany,phone,0,6.4
517,2024-06-05,Sara Lindqvist,Quiet Harbour,Pop,Sweden,TABLET,1,0.72
2050,2025-11-23,Fjord & Flint,Blue Ferry,Folk,NA,phone,0,4.54
1798,2025-09-13,Fjord & Flint,Blue Ferry,Folk,Norway,speaker,0,5.46
440,10-05-2024,Basement Cartography,Velvet Kitchen,,Canada,laptop,1,0.98
280,2024-03-24,Sara Lindqvist,Midnight Orbit,POP,Sweden,PHONE,0,3.74
1685,2025-07-20,Mireille Basset,Harbour Machines,jazz,France,phone,0,7.2
1748,2025-08-23,Bright Utility,Winter Window,Indie,United Kingdom,phone,0,3.38
1784,2025-09-08,Glass Tram,Broken Lines,Electronic,Germany,phone,0,4.82
1954,2025-10-31,Glass Tram,Amber Ferry,Electronic,Germany,LAPTOP,0,3.73
693,26/08/2024,DJ Kompas,Paper Signal,Electronic,Netherlands,speaker,1,1.56
1440,2025-04-16,Hertz Garden,Northern Lines,ELECTRONIC,Germany,car,0,5.67
957,2024-11-05,The Paper Kites Society,Amber Window,Indie,Australia,phone,0,3.61
755,2024-09-15,The Paper Kites Society,Electric Lines,Indie,Australia,SPEAKER,0,3.19 min
327,04/04/2024,DJ Kompas,Midnight Weather,ELECTRONIC,Netherlands,LAPTOP,0,5.49 min
718,2024-09-03,Mireille Basset,Static Signal,Jazz,France,phone,1,0.69
1829,2025-09-24,Sara Lindqvist,Northern Radio,Pop,Sweden,speaker,0,1.96
1154,2025-01-09,The Slow Ferry,Winter Weather,INDIE,Ireland,laptop,0,4.75
1371,24-03-2025,Salon Mécanique,Bright Window,Jazz,Belgium,phone,1,0.43
389,2024-04-26,Fjord & Flint,Blue Traffic,Folk,Norway,CAR,1,0.44
1173,2025-01-15,Glass Tram,Broken Mornings,Electronic,Germany,phone,0,5.53
1867,07/10/2025,The Quiet Wires,Open Mornings,Rock,United States,phone,0,4.19
1138,05/01/2025,Northern Signal,Velvet Wires,Electronic,Norway,speaker,0,6.12
1263,2025-02-13,Pale Cartography,Winter Weather,FOLK,Canada,speaker,1,0.46
1559,2025-05-23,DJ Kompas,Hollow Radio,Electronic,Netherlands,phone,0,7.77
1467,25/04/2025,Lagos Tape Club,Bright Wires,AFROBEAT,Nigeria,phone,0,4.28
1116,2024-12-29,Marta Oliveira,Broken Orbit,Jazz,Portugal,phone,0,6.5
987,2024-11-16,Sara Lindqvist,Broken Kitchen,Pop,Sweden,laptop,0,4.75
810,2024-10-01,Brannon Hill,Quiet Ferry,folk,NA,TABLET,0,2.01
156,2024-02-13,The Slow Ferry,Velvet Season,Indie,Ireland,phone,0,4.66
1809,2025-09-16,Fjord & Flint,Midnight Kitchen,Folk,Norway,,0,3.97
1871,2025-10-08,DJ Kompas,Paper Rooms,electronic,Netherlands,laptop,0,6.21
63,2024-01-16,Fjord & Flint,Blue Ferry,,Norway,PHONE,0,2.86
1510,08/05/2025,Marta Oliveira,Electric Window,Jazz,Portugal,car,0,7.85
166,2024-02-15,DJ Kompas,Golden Weather,Electronic,Netherlands,speaker,0,8.08
134,2024-02-06,Yuki Tanaka Trio,Golden Window,Jazz,Japan,laptop ,0,7.62
1487,2025-05-01,DJ Kompas,Bright Ferry,ELECTRONIC,Netherlands,car,0,5.02
1916,2025-10-21,DJ Kompas,Golden Weather,Electronic,Netherlands,laptop,0,5.41
979,2024-11-14,Northern Signal,Golden Machines,ELECTRONIC,Norway,phone,0,4.8
1956,31/10/2025,Sara Lindqvist,Midnight Orbit,Pop,Sweden,phone,0,4.02
1831,2025-09-25,Lagos Tape Club,Velvet Avenue,Afrobeat,Nigeria,phone,0,3.5
905,2024-10-23,Fjord & Flint,Summer Wires,Folk,NA,LAPTOP,0,4.63
946,2024-11-02,Orquesta Bellavista,Iron Lines,Latin,Colombia,,0,3.18
625,2024-07-23,DJ Kompas,Paper Rooms,Electronic,Netherlands,LAPTOP,0,5.37
2169,2025-12-26,Glass Tram,Broken Lines,Electronic,NA,PHONE,0,4.43
765,2024-09-17,Fjord & Flint,Blue Avenue,Folk,Norway,phone ,0,2.12 min
1699,29/07/2025,Brannon Hill,Electric Parade,Folk,Ireland,car,0,4.27
1982,2025-11-07,Glass Tram,Broken Lines,Electronic,Germany,phone,0,4.57
736,2024-09-06,Fjord & Flint,Broken Radio,Folk,Norway,phone,0,3.85
1917,2025-10-21,Lagos Tape Club,Open Radio,Afrobeat,Nigeria,PHONE,0,2.82
275,2024-03-23,Basement Cartography,Paper Kitchen,Indie,Canada,PHONE,0,5.34
1647,2025-07-03,Fjord & Flint,Golden Garden,Folk,Norway,phone,0,4.56
1592,2025-06-04,Sara Lindqvist,Golden Harbour,Pop,Sweden,phone,0,3.34
1907,2025-10-20,DJ Kompas,Electric Mornings,Electronic,Netherlands,phone,0,6.9
2011,2025-11-14,Fjord & Flint,Northern Avenue,Folk,Norway,phone,0,4.23
1001,2024-11-21,Brannon Hill,Electric Parade,Folk,Ireland,speaker,0,1.73
1105,2024-12-24,Rosewood Lane,Amber Signal,folk,United Kingdom,speaker,0,4.45
1448,2025-04-19,Brannon Hill,Bright Mornings,Folk,Ireland,phone,0,2.55
471,2024-05-22,Kito Ndungu,Northern Rooms,Afrobeat,Kenya,phone,0,1.57
1181,17-01-2025,Glass Tram,Broken Mornings,Electronic,Germany,laptop,1,1.51
569,27-06-2024,Sara Lindqvist,Northern Radio,pop,Sweden,speaker,0,4.31
2097,2025-12-07,Yuki Tanaka Trio,Harbour Season,Jazz,Japan,laptop,0,7.19
851,11/10/2024,Glass Tram,Amber Ferry,Electronic,Germany,tablet,0,6.36
146,11-02-2024,Sara Lindqvist,Northern Radio,Pop,Sweden,phone,0,2.14
1789,2025-09-09,Fjord & Flint,Blue Traffic,  Folk ,Norway,LAPTOP ,0,3.51
330,2024-04-05,Northern Signal,Bright Avenue,Electronic,Norway,laptop,0,6.2
2167,2025-12-26,Fjord & Flint,Blue Avenue,FOLK,Norway,phone,0,2.21
245,2024-03-14,Basement Cartography,Summer Season,Indie,Canada,SPEAKER,0,5.12
2098,2025-12-08,Sara Lindqvist,Northern Radio,Pop,Sweden,phone ,1,0.72
1021,2024-11-28,Fjord & Flint,Broken Radio,Folk,Norway,SPEAKER,0,5.91
276,23/03/2024,Static Meadow,Broken Season,Rock,United States,laptop,0,4.67
2053,2025-11-24,Northern Signal,Winter Wires,Electronic,Norway,car ,0,5.02
1931,2025-10-26,Sara Lindqvist,Midnight Orbit,Pop,Sweden,laptop,0,7.32
567,2024-06-26,The Slow Ferry,Bright Rooms,Indie,Ireland,tablet,0,4.23
499,2024-05-30,The Quiet Wires,Quiet Rooms,Rock,United States,laptop,0,0.76
1769,2025-09-04,Lagos Tape Club,Bright Wires,Afrobeat,Nigeria,phone ,0,5.14
1389,2025-03-29,DJ Kompas,Electric Mornings,Electronic,Netherlands,tablet,1,1.51
1040,2024-12-02,Casa Tropicana,Paper Orbit,Latin,Cuba,laptop,0,4.96
1632,2025-06-23,Luz de Enero,Northern Ferry,Latin,Spain,PHONE ,0,4.69
859,13/10/2024,Static Meadow,Salt Mornings,Rock,United States,laptop,0,3.45
1625,2025-06-20,Sara Lindqvist,Northern Radio,Pop,Sweden,LAPTOP,0,4.07
1405,2025-04-02,Glass Tram,Salt Lines,Electronic,Germany,phone,0,4.0
2016,15/11/2025,Luz de Enero,Static Machines,Latin,Spain,phone ,0,2.39
2038,2025-11-21,Sara Lindqvist,Broken Kitchen,pop,Sweden,car,1,
933,2024-10-30,Fjord & Flint,Blue Ferry,Folk,Norway,laptop,0,5.95
1466,2025-04-25,Static Meadow,Static Signal,  Rock ,United States,TABLET,0,4.38
841,2024-10-08,Kito Ndungu,Summer Machines,AFROBEAT,Kenya,speaker,0,0.91
1644,2025-06-30,Luz de Enero,Harbour Season,  Latin ,Spain,speaker,0,3.65
1522,2025-05-11,Sara Lindqvist,Slow Mornings,Pop,Sweden,phone,0,1.25
308,2024-03-29,Kito Ndungu,Hollow Machines,Afrobeat,Kenya,laptop,0,3.63
1461,2025-04-24,The Slow Ferry,Velvet Season,Indie,Ireland,laptop ,0,6.13
2183,2025-12-31,Lagos Tape Club,Winter Rooms,Afrobeat,Nigeria,phone,0,3.78
497,2024-05-30,DJ Kompas,Golden Weather,Electronic,Netherlands,laptop,0,2.05
1873,10-10-2025,Static Meadow,Northern Avenue,Rock,United States,speaker,0,3.62
2133,2025-12-17,Brannon Hill,Static Weather,Folk,Ireland,PHONE,0,2.69
937,01/11/2024,Fjord & Flint,Blue Ferry,Folk,Norway,phone,1,0.45
1210,26/01/2025,Glass Tram,Broken Lines,Electronic,Germany,phone,0,5.42
1465,2025-04-24,Lagos Tape Club,Velvet Avenue,  Afrobeat ,Nigeria,car,0,4.26
1897,2025-10-16,Mireille Basset,Static Signal,Jazz,France,phone,0,6.8
790,2024-09-23,Glass Tram,Salt Lines,Electronic,Germany,car,0,
1113,2024-12-27,DJ Kompas,Quiet Orbit,ELECTRONIC,Netherlands,phone,1,1.61
784,21-09-2024,Glass Tram,Broken Mornings,Electronic,Germany,phone,1,1.2
1130,02/01/2025,DJ Kompas,Paper Rooms,Electronic,Netherlands,car,0,9.16
1648,2025-07-04,The Tuesday Club,Amber Harbour,Pop,United Kingdom,phone,0,5.07
1879,2025-10-12,DJ Kompas,Paper Signal,Electronic,Netherlands,laptop ,0,8.0
149,2024-02-11,Lagos Tape Club,Winter Rooms,  Afrobeat ,Nigeria,tablet,0,1.47
1072,2024-12-12,Nora Whitlock,Northern Machines,Pop,United States,phone,0,3.77
1892,2025-10-15,The Tuesday Club,Broken Harbour,POP,United Kingdom,phone,0,4.24
737,2024-09-06,Lagos Tape Club,Winter Rooms,AFROBEAT,Nigeria,laptop,0,3.46
950,2024-11-04,Lagos Tape Club,Velvet Avenue,Afrobeat,Nigeria,SPEAKER,0,3.33
94,2024-01-24,Kanto Kids,Slow Garden,,Philippines,laptop,0,2.53
1243,2025-02-08,Fjord & Flint,Open Orbit,FOLK,Norway,phone ,0,2.88
239,2024-03-11,Northern Signal,Velvet Wires,Electronic,Norway,LAPTOP,1,1.05
307,28/03/2024,Nora Whitlock,Northern Rooms,Pop,United States,phone,0,1.47
24,2024-01-06,Pale Cartography,Winter Weather,Folk,Canada,PHONE,0,4.1
318,2024-03-31,The Slow Ferry,Velvet Season,  Indie ,NA,tablet,0,
2022,2025-11-17,Nora Whitlock,Northern Rooms,POP,United States,laptop,0,3.95
269,21-03-2024,Orquesta Bellavista,Paper Signal,Latin,Colombia,phone,0,3.61
1383,2025-03-26,Sara Lindqvist,Slow Mornings,  Pop ,Sweden,PHONE,0,3.33
461,2024-05-18,DJ Kompas,Paper Rooms,Electronic,Netherlands,car,0,6.19
1893,2025-10-16,Basement Cartography,Velvet Kitchen,INDIE,NA,phone,0,6.21
528,2024-06-10,Sara Lindqvist,Slow Mornings,Pop,Sweden,phone,0,4.13
1298,2025-03-01,Fjord & Flint,Summer Wires,folk,Norway,phone,0,3.12
1687,22/07/2025,Static Meadow,Paper Parade,ROCK,United States,PHONE,0,
1320,2025-03-10,Glass Tram,Salt Lines,Electronic,Germany,CAR,0,5.64
1164,2025-01-12,Sara Lindqvist,Slow Mornings,POP,Sweden,phone,0,2.81
508,2024-06-02,Fjord & Flint,Northern Avenue,Folk,Norway,phone,0,3.67
633,2024-07-26,Orquesta Bellavista,Open Orbit,  Latin ,Colombia,phone,0,4.7
1530,2025-05-13,Yuki Tanaka Trio,Harbour Season,JAZZ,Japan,TABLET,0,6.39
1626,2025-06-21,Pale Cartography,Open Season,Folk,Canada,car,0,3.05
2139,2025-12-19,Sara Lindqvist,Summer Tape,Pop,Sweden,phone,0,3.37
1691,2025-07-24,Velvet Aqueduct,Electric Weather,Rock,Italy,PHONE,0,5.06
467,2024-05-20,Brannon Hill,Midnight Kitchen,Folk,Ireland,phone,1,1.51
1308,2025-03-05,Brannon Hill,Quiet Ferry,Folk,Ireland,phone,0,3.93
422,2024-05-06,Hollow Pines,Salt Harbour,  Folk ,United States,phone,0,3.85 min
555,2024-06-20,Sara Lindqvist,Slow Mornings,  Pop ,Sweden,speaker,0,3.71
764,2024-09-16,Selva Alta,Harbour Lines,Latin,Peru,laptop,0,5.08
1810,2025-09-16,The Paper Kites Society,Electric Radio,Indie,Australia,phone,0,1.31
272,2024-03-22,Glass Tram,Broken Mornings,Electronic,Germany,phone,1,1.62
581,2024-07-01,DJ Kompas,Harbour Kitchen,ELECTRONIC,Netherlands,speaker,0,4.02
897,2024-10-22,Lagos Tape Club,Hollow Ferry,Afrobeat,Nigeria,,0,2.44
1312,2025-03-06,The Slow Ferry,Iron Weather,Indie,Ireland,speaker,0,5.55
630,2024-07-25,Glass Tram,Broken Lines,ELECTRONIC,Germany,LAPTOP,0,6.13
845,2024-10-08,Fjord & Flint,Golden Garden,Folk,NA,phone,0,0.72
1170,2025-01-14,Mireille Basset,Static Signal,Jazz,France,phone,0,9.16
1622,17/06/2025,Glass Tram,Broken Lines,Electronic,Germany,phone,0,3.95
1749,2025-08-25,Glass Tram,Amber Ferry,Electronic,Germany,laptop,0,6.63
59,2024-01-16,Sara Lindqvist,Electric Weather,POP,Sweden,phone,0,3.79
677,16/08/2024,The Paper Kites Society,Hollow Letters,Indie,Australia,laptop,1,0.21
1184,2025-01-18,Marta Oliveira,Broken Orbit,JAZZ,Portugal,tablet,0,4.42
730,2024-09-05,Fjord & Flint,Open Orbit,Folk,Norway,tablet,0,4.4 min
1851,2025-10-03,Brannon Hill,Quiet Ferry,Folk,Ireland,car,0,1.76
1608,2025-06-10,Sara Lindqvist,Electric Weather,Pop,Sweden,speaker,0,5.3
391,2024-04-27,Static Meadow,Winter Mornings,Rock,United States,phone,0,4.36
1977,06/11/2025,Yuki Tanaka Trio,Northern Window,Jazz,Japan,laptop,0,7.38
638,2024-07-29,Sara Lindqvist,Broken Kitchen,pop,Sweden,,0,2.21
837,06-10-2024,Basement Cartography,Velvet Kitchen,INDIE,Canada,PHONE,0,1.41
996,2024-11-18,Yuki Tanaka Trio,Golden Window,JAZZ,Japan,phone,1,0.64
843,08/10/2024,Casa Tropicana,Harbour Orbit,latin,Cuba,car,0,2.08
692,2024-08-25,Bright Utility,Winter Window,INDIE,United Kingdom,LAPTOP,0,3.02
900,2024-10-22,Brannon Hill,Bright Mornings,Folk,Ireland,car,0,1.68
1556,2025-05-22,Glass Tram,Salt Lines,Electronic,Germany,phone,0,3.78
1434,2025-04-14,Bright Utility,Salt Season,Indie,United Kingdom,CAR,0,2.52
1945,2025-10-29,Fjord & Flint,Northern Avenue,Folk,Norway,laptop,0,5.2
749,2024-09-12,Rosewood Lane,Golden Garden,folk,United Kingdom,laptop,0,4.28
381,2024-04-22,The Quiet Wires,Open Mornings,Rock,United States,phone,0,2.99
1715,08/08/2025,Sara Lindqvist,Quiet Harbour,Pop,Sweden,laptop ,0,1.64
1241,2025-02-06,Fjord & Flint,Blue Traffic,Folk,Norway,speaker,0,5.86
813,2024-10-01,The Tuesday Club,Amber Harbour,Pop,United Kingdom,,0,1.51
808,2024-09-30,Kito Ndungu,Electric Traffic,Afrobeat,Kenya,phone ,1,
1430,2025-04-13,Sara Lindqvist,Electric Weather,Pop,Sweden,speaker,0,5.35
87,2024-01-23,Glass Tram,Broken Lines,Electronic,Germany,PHONE,0,
669,2024-08-13,Fjord & Flint,Blue Avenue,Folk,Norway,phone,0,4.85
153,12-02-2024,DJ Kompas,Golden Weather,Electronic,Netherlands,tablet,0,8.04
1353,2025-03-18,Lagos Tape Club,Bright Wires,afrobeat,Nigeria,laptop,0,4.21
850,2024-10-11,The Paper Kites Society,Electric Lines,Indie,Australia,phone,0,2.75
1921,2025-10-23,Lagos Tape Club,Open Radio,Afrobeat,Nigeria,speaker,0,3.28
1502,2025-05-05,Fjord & Flint,Midnight Kitchen,Folk,Norway,phone,0,5.56
889,2024-10-19,Northern Signal,Amber Rooms,Electronic,Norway,speaker ,1,0.85
667,2024-08-12,Amara Diallo,Harbour Parade,Afrobeat,Senegal,phone,0,6.52
538,14/06/2024,Fjord & Flint,Open Orbit,Folk,Norway,laptop,1,0.91
436,2024-05-09,Sara Lindqvist,Electric Weather,Pop,Sweden,phone,0,0.82
2175,2025-12-29,Fjord & Flint,Open Orbit,Folk,Norway,car,1,1.11
335,2024-04-06,DJ Kompas,Hollow Radio,electronic,Netherlands,car,0,5.4 min
1076,2024-12-13,Fjord & Flint,Midnight Kitchen,Folk,Norway,phone,0,4.69
390,2024-04-27,Fjord & Flint,Summer Wires,folk,Norway,phone,0,5.75
1458,23/04/2025,Lagos Tape Club,Hollow Ferry,Afrobeat,Nigeria,phone,0,4.0
1707,2025-08-02,Marta Oliveira,Static Wires,JAZZ,Portugal,phone,0,10.72
1697,2025-07-28,Brannon Hill,Electric Parade,folk,Ireland,phone,0,3.82
590,2024-07-03,Glass Tram,Broken Lines,  Electronic ,Germany,phone,0,3.46
1888,2025-10-14,Sara Lindqvist,Electric Weather,  Pop ,Sweden,tablet,0,1.32
1928,25/10/2025,Casa Tropicana,Salt Ferry,Latin,Cuba,speaker,0,1.18 min
1195,2025-01-22,Hollow Pines,Amber Lines,  Folk ,United States,phone,0,5.56
1335,2025-03-14,Fjord & Flint,Northern Avenue,FOLK,Norway,phone,0,2.83
1182,17-01-2025,Hertz Garden,Northern Lines,Electronic,Germany,phone,0,4.13 min
631,2024-07-25,DJ Kompas,Harbour Kitchen,Electronic,Netherlands,laptop,0,4.44
575,29/06/2024,Sara Lindqvist,Golden Harbour,POP,Sweden,phone,0,
1794,2025-09-12,Sara Lindqvist,Broken Kitchen,Pop,NA,speaker,0,1.76
624,2024-07-22,The Quiet Wires,Quiet Rooms,Rock,United States,,0,5.67
22,2024-01-05,Fjord & Flint,Midnight Kitchen,FOLK,Norway,speaker,0,4.88
1177,2025-01-16,Rosewood Lane,Electric Weather,FOLK,United Kingdom,laptop,0,7.14
1114,2024-12-28,DJ Kompas,Golden Weather,ELECTRONIC,Netherlands,phone,0,5.05
1141,2025-01-06,Fjord & Flint,Summer Wires,Folk,Norway,speaker,1,
1294,2025-02-27,Fjord & Flint,Midnight Kitchen,Folk,Norway,phone,0,6.56
1442,2025-04-17,Casa Tropicana,Golden Harbour,latin,Cuba,phone,0,2.51
1957,2025-10-31,Static Meadow,Broken Season,Rock,United States,PHONE,0,4.31
179,2024-02-21,DJ Kompas,Electric Mornings,Electronic,Netherlands,phone ,0,6.83
2054,2025-11-25,Glass Tram,Broken Lines,Electronic,Germany,car,0,5.6
418,2024-05-04,Kito Ndungu,Hollow Machines,Afrobeat,Kenya,phone,0,6.21
238,2024-03-11,Brannon Hill,Midnight Kitchen,folk,Ireland,phone,0,4.45
1500,05/05/2025,Sara Lindqvist,Midnight Orbit,Pop,Sweden,laptop ,0,4.42
1742,2025-08-21,Basement Cartography,Summer Orbit,Indie,Canada,TABLET,0,6.09
1512,2025-05-09,Glass Tram,Broken Lines,Electronic,Germany,laptop,1,0.45
1296,2025-02-28,Sara Lindqvist,Midnight Orbit,Pop,Sweden,PHONE,0,3.57
135,2024-02-07,Fjord & Flint,Northern Avenue,folk,Norway,car,0,3.34
460,2024-05-17,Luz de Enero,Northern Ferry,Latin,Spain,speaker,0,2.6
196,2024-02-28,The Long Commute,Amber Kitchen,Indie,Netherlands,phone,0,3.42
1238,06/02/2025,Glass Tram,Broken Mornings,Electronic,Germany,tablet,1,0.44
907,2024-10-25,Basement Cartography,Iron Traffic,  Indie ,Canada,phone,0,4.93
1661,10/07/2025,Fjord & Flint,Golden Garden,,Norway,phone,0,8.5 min
266,2024-03-21,Fjord & Flint,Midnight Kitchen,Folk,Norway,,0,4.18
1191,2025-01-21,Kito Ndungu,Salt Ferry,Afrobeat,Kenya,LAPTOP,0,3.93
332,2024-04-06,Brannon Hill,Midnight Kitchen,Folk,Ireland,phone,0,4.61
237,2024-03-10,Rosewood Lane,Amber Signal,folk,United Kingdom,phone,0,4.11
188,2024-02-25,Sara Lindqvist,Northern Radio,POP,Sweden,laptop,0,4.32
787,2024-09-22,Sara Lindqvist,Electric Weather,POP,Sweden,,0,2.54
339,2024-04-09,Hollow Pines,Salt Harbour,Folk,United States,car,0,4.22
952,2024-11-04,Luz de Enero,Harbour Season,LATIN,Spain,speaker,1,0.85
795,2024-09-24,Static Meadow,Amber Tape,Rock,United States,speaker,0,5.12
717,2024-09-03,The Paper Kites Society,Electric Radio,Indie,Australia,phone,0,1.3
1369,2025-03-23,Static Meadow,Northern Avenue,Rock,United States,car,0,4.58
217,05-03-2024,Static Meadow,Winter Mornings,Rock,United States,laptop,0,5.2
1595,2025-06-05,Pale Cartography,Winter Weather,Folk,Canada,car,0,4.68
1310,06/03/2025,Kito Ndungu,Salt Ferry,afrobeat,Kenya,LAPTOP,0,3.4
917,28/10/2024,Glass Tram,Amber Ferry,  Electronic ,Germany,laptop,0,6.68
1507,2025-05-07,Orquesta Bellavista,Velvet Garden,latin,Colombia,phone,0,4.68
713,2024-09-02,Glass Tram,Broken Lines,Electronic,Germany,phone,0,4.09
162,2024-02-15,Sara Lindqvist,Summer Tape,pop,Sweden,phone,0,2.0
45,2024-01-13,Lagos Tape Club,Velvet Avenue,AFROBEAT,Nigeria,laptop,0,2.84
2044,2025-11-22,Northern Signal,Amber Lines,Electronic,Norway,tablet,0,6.55
601,2024-07-10,Mireille Basset,Harbour Machines,Jazz,France,phone ,0,8.27 min
423,2024-05-06,Sara Lindqvist,Golden Harbour,Pop,Sweden,speaker,0,4.53
111,2024-01-30,Hollow Pines,Salt Harbour,FOLK,United States,laptop,0,3.19
578,30/06/2024,Fjord & Flint,Blue Ferry,FOLK,Norway,phone,0,3.57
728,2024-09-05,Fjord & Flint,Midnight Kitchen,Folk,Norway,PHONE,0,0.4
1962,2025-11-02,Pale Cartography,Open Orbit,,Canada,laptop,1,1.7
1231,2025-02-02,Brannon Hill,Northern Machines,FOLK,Ireland,phone,1,0.48
1960,2025-11-01,Sara Lindqvist,Summer Tape,pop,Sweden,phone,0,0.99
1759,2025-08-31,Fjord & Flint,Blue Ferry,FOLK,Norway,speaker,0,6.54
628,2024-07-24,The Paper Kites Society,Harbour Rooms,INDIE,Australia,speaker,0,4.77
501,31/05/2024,Northern Signal,Amber Rooms,Electronic,Norway,phone,0,4.32
290,2024-03-25,Tundra Post,Paper Ferry,electronic,Iceland,TABLET,0,5.65
439,2024-05-10,Brannon Hill,Static Weather,  Folk ,Ireland,phone,0,2.16
357,14/04/2024,Sara Lindqvist,Electric Weather,Pop,Sweden,,0,3.07
286,2024-03-24,Marta Oliveira,Static Wires,Jazz,Portugal,SPEAKER,0,7.22
296,2024-03-26,Sara Lindqvist,Northern Radio,pop,Sweden,laptop,1,0.8
1541,2025-05-16,The Slow Ferry,Velvet Season,Indie,Ireland,laptop,0,2.06
1762,02/09/2025,Basement Cartography,Broken Kitchen,Indie,Canada,laptop,1,0.26
1412,2025-04-04,Luz de Enero,Velvet Harbour,LATIN,Spain,laptop,0,1.64
2123,2025-12-14,Fjord & Flint,Broken Radio,Folk,Norway,laptop,1,0.3
1560,23/05/2025,Lagos Tape Club,Velvet Avenue,Afrobeat,Nigeria,phone,0,6.84
52,14/01/2024,Sara Lindqvist,Midnight Orbit,Pop,Sweden,laptop,1,0.25
704,2024-08-28,Brannon Hill,Bright Mornings,Folk,Ireland,phone ,0,3.23
571,27-06-2024,Pale Cartography,Open Season,FOLK,Canada,tablet,0,3.82
395,2024-04-28,Sara Lindqvist,Midnight Orbit,Pop,Sweden,laptop,0,4.38
1252,10-02-2025,Lagos Tape Club,Hollow Ferry,AFROBEAT,Nigeria,phone,0,2.87
1357,2025-03-19,Static Meadow,Winter Mornings,Rock,United States,phone,0,2.63
546,2024-06-17,Fjord & Flint,Northern Avenue,Folk,Norway,phone,0,5.14
515,2024-06-04,Hertz Garden,Blue Harbour,Electronic,Germany,phone,0,7.33
827,2024-10-04,Lagos Tape Club,Open Radio,Afrobeat,Nigeria,speaker,0,3.48
168,2024-02-16,Sara Lindqvist,Electric Weather,Pop,Sweden,phone,0,4.13
1681,17/07/2025,Bright Utility,Bright Letters,indie,United Kingdom,tablet,0,4.32
1634,2025-06-23,Glass Tram,Amber Ferry,Electronic,Germany,laptop,0,7.07
654,2024-08-07,Sara Lindqvist,Quiet Harbour,Pop,Sweden,phone,0,6.44
340,2024-04-09,DJ Kompas,Golden Weather,ELECTRONIC,Netherlands,phone,0,4.68
1110,2024-12-26,Glass Tram,Broken Mornings,Electronic,Germany,phone,0,5.4
1651,2025-07-05,The Paper Kites Society,Electric Radio,  Indie ,Australia,phone,0,3.51
1637,2025-06-27,Sara Lindqvist,Midnight Orbit,pop,Sweden,phone,0,2.7
727,2024-09-05,Sara Lindqvist,Summer Tape,Pop,Sweden,phone,0,3.88
249,2024-03-15,The Slow Ferry,Velvet Season,Indie,Ireland,speaker,0,4.55
1574,2025-05-28,The Quiet Wires,Open Mornings,Rock,United States,PHONE ,1,0.32 min
1167,2025-01-13,Glass Tram,Broken Lines,electronic,Germany,phone,0,2.55
447,2024-05-13,Selva Alta,Electric Letters,Latin,Peru,speaker,0,3.15
347,11/04/2024,Glass Tram,Amber Ferry,electronic,Germany,speaker,0,5.76
770,2024-09-18,DJ Kompas,Hollow Radio,Electronic,Netherlands,PHONE,0,4.56
909,2024-10-25,Fjord & Flint,Summer Wires,Folk,Norway,TABLET,0,4.13
1601,2025-06-07,Lagos Tape Club,Winter Rooms,afrobeat,Nigeria,PHONE,0,2.34
2127,2025-12-15,Fjord & Flint,Blue Ferry,FOLK,Norway,car,0,5.39
281,2024-03-24,Lagos Tape Club,Velvet Avenue,Afrobeat,NA,car,0,4.35 min
1596,2025-06-05,Mireille Basset,Blue Window,Jazz,France,phone,1,1.71
1292,25/02/2025,Mireille Basset,Harbour Machines,JAZZ,France,,0,5.57
446,12/05/2024,The Slow Ferry,Amber Garden,Indie,Ireland,PHONE,1,0.95
47,13-01-2024,The Slow Ferry,Amber Garden,INDIE,Ireland,speaker ,0,4.54
944,2024-11-02,Luz de Enero,Static Machines,Latin,Spain,laptop,0,3.46
1474,29/04/2025,The Paper Kites Society,Hollow Letters,INDIE,Australia,tablet,0,3.92
1107,25/12/2024,Sara Lindqvist,Summer Tape,Pop,Sweden,tablet,0,2.25 min
295,2024-03-26,The Quiet Wires,Golden Season,Rock,United States,PHONE,0,3.7
2007,14-11-2025,Sara Lindqvist,Midnight Orbit,Pop,Sweden,phone,0,0.61
1842,2025-09-29,DJ Kompas,Harbour Kitchen,ELECTRONIC,Netherlands,laptop,0,5.9
972,2024-11-12,Selva Alta,Harbour Orbit,Latin,Peru,phone,0,2.21
903,23-10-2024,Northern Signal,Electric Avenue,Electronic,Norway,LAPTOP,0,4.95
1319,2025-03-09,Nora Whitlock,Northern Machines,Pop,United States,tablet,1,
641,2024-07-31,Lagos Tape Club,Winter Rooms,Afrobeat,Nigeria,phone,0,5.55
1947,2025-10-29,Casa Tropicana,Harbour Rooms,Latin,Cuba,car ,0,2.69
868,2024-10-16,Sara Lindqvist,Summer Tape,Pop,Sweden,speaker,0,
1877,2025-10-10,Orquesta Bellavista,Salt Ferry,Latin,NA,phone,0,2.36 min
1682,2025-07-17,Luz de Enero,Paper Window,  Latin ,Spain,laptop,0,1.15
142,2024-02-09,The Quiet Wires,Golden Season,Rock,United States,laptop,0,2.71
370,2024-04-18,Casa Tropicana,Paper Orbit,latin,Cuba,car,0,8.11
302,27/03/2024,Lagos Tape Club,Hollow Ferry,Afrobeat,Nigeria,phone ,0,2.47
1163,2025-01-12,Fjord & Flint,Blue Ferry,Folk,Norway,speaker,0,2.78
169,2024-02-16,DJ Kompas,Paper Rooms,Electronic,Netherlands,PHONE,0,2.79
324,2024-04-02,Marta Oliveira,Paper Avenue,JAZZ,Portugal,LAPTOP,0,8.36
359,2024-04-14,Salon Mécanique,Hollow Parade,jazz,Belgium,speaker,0,8.96
597,2024-07-08,Sara Lindqvist,Quiet Harbour,pop,Sweden,PHONE,0,3.39
1078,2024-12-13,Basement Cartography,Iron Traffic,Indie,Canada,phone,0,5.53
178,2024-02-19,Lagos Tape Club,Winter Rooms,Afrobeat,Nigeria,CAR,0,2.46
2084,2025-12-03,Fjord & Flint,Golden Garden,Folk,Norway,speaker,0,3.27
2027,2025-11-18,Selva Alta,Static Kitchen,Latin,Peru,phone,0,2.52
431,07/05/2024,DJ Kompas,Quiet Orbit,Electronic,Netherlands,LAPTOP,0,6.78
141,2024-02-09,DJ Kompas,Paper Rooms,Electronic,Netherlands,laptop ,0,8.44
1969,04/11/2025,Hollow Pines,Amber Lines,Folk,United States,phone ,0,4.62 min
1098,22/12/2024,Sara Lindqvist,Northern Radio,POP,Sweden,phone,0,0.41
1375,2025-03-24,Lagos Tape Club,Bright Wires,afrobeat,Nigeria,phone,0,3.32
1240,2025-02-06,Nora Whitlock,Velvet Machines,Pop,United States,phone,0,3.65
1979,2025-11-07,Static Meadow,Static Signal,ROCK,United States,LAPTOP,0,3.55
413,2024-05-03,Glass Tram,Salt Lines,Electronic,Germany,phone ,0,5.96
197,2024-02-28,Mireille Basset,Harbour Machines,Jazz,NA,laptop ,1,2.62
668,2024-08-12,Kito Ndungu,Amber Kitchen,Afrobeat,NA,laptop,0,4.97
12,2024-01-03,The Slow Ferry,Amber Mornings,  Indie ,Ireland,phone,1,0.4
2141,2025-12-20,Lagos Tape Club,Open Radio,AFROBEAT,Nigeria,phone,0,3.29
2157,2025-12-24,Sara Lindqvist,Quiet Harbour,Pop,Sweden,laptop,1,0.74
229,2024-03-08,The Slow Ferry,Iron Weather,Indie,Ireland,tablet,1,0.48
1272,2025-02-17,Fjord & Flint,Northern Avenue,Folk,Norway,phone,0,5.57
657,2024-08-08,Glass Tram,Amber Ferry,electronic,NA,phone,0,8.09
1171,2025-01-14,Sara Lindqvist,Electric Weather,POP,Sweden,phone,0,5.91
259,2024-03-19,Basement Cartography,Velvet Kitchen,Indie,Canada,phone,0,3.38
1397,2025-03-30,Sara Lindqvist,Golden Harbour,POP,Sweden,phone,0,2.76
997,19-11-2024,DJ Kompas,Midnight Weather,electronic,Netherlands,LAPTOP,1,1.09
519,2024-06-06,Brannon Hill,Electric Parade,Folk,Ireland,,0,2.83
1511,08-05-2025,Glass Tram,Salt Lines,electronic,Germany,phone,0,6.6
811,2024-10-01,Marta Oliveira,Static Wires,  Jazz ,Portugal,SPEAKER,0,7.03
1613,2025-06-12,Lagos Tape Club,Open Radio,AFROBEAT,Nigeria,speaker,1,0.54
154,2024-02-13,DJ Kompas,Midnight Weather,Electronic,Netherlands,PHONE,0,5.32
118,2024-01-31,Yuki Tanaka Trio,Northern Lines,Jazz,Japan,car,0,7.51
689,21-08-2024,Yuki Tanaka Trio,Winter Parade,Jazz,Japan,phone,0,6.25
1550,2025-05-20,The Quiet Wires,Quiet Machines,Rock,United States,speaker ,0,5.78
1736,16/08/2025,Lagos Tape Club,Hollow Ferry,Afrobeat,Nigeria,phone,0,3.1 min
1264,2025-02-14,Luz de Enero,Static Traffic,Latin,Spain,laptop,0,2.90
2124,15-12-2025,Hollow Pines,Amber Lines,FOLK,United States,,0,5.51
741,2024-09-07,Luz de Enero,Northern Ferry,latin,Spain,phone,0,6.06
2001,2025-11-12,Glass Tram,Salt Lines,Electronic,Germany,PHONE,0,6.54
2080,2025-12-01,Marta Oliveira,Paper Avenue,Jazz,Portugal,speaker,0,7.23
1855,2025-10-03,Lagos Tape Club,Bright Wires,AFROBEAT,Nigeria,laptop,0,1.57
1347,2025-03-17,Mireille Basset,Harbour Machines,jazz,France,phone,0,7.53
1348,2025-03-17,Hollow Pines,Winter Traffic,  Folk ,United States,phone ,0,3.78
1406,2025-04-02,Basement Cartography,Blue Mornings,INDIE,Canada,,0,1.93
477,2024-05-24,Salon Mécanique,Bright Window,JAZZ,Belgium,laptop,0,5.4
1513,09/05/2025,The Quiet Wires,Northern Tape,,United States,tablet,0,5.01
1338,2025-03-15,Basement Cartography,Blue Traffic,Indie,Canada,phone,0,1.88
1275,2025-02-19,Salon Mécanique,Hollow Parade,jazz,Belgium,PHONE,0,6.73
557,2024-06-22,Lagos Tape Club,Hollow Ferry,Afrobeat,Nigeria,phone,0,2.45
1350,2025-03-18,Mireille Basset,Harbour Machines,Jazz,France,laptop,0,5.97
1143,2025-01-06,Brannon Hill,Midnight Kitchen,FOLK,Ireland,phone,0,6.02
2106,2025-12-09,Yuki Tanaka Trio,Golden Window,Jazz,Japan,phone,0,7.51
715,2024-09-02,Lagos Tape Club,Bright Wires,Afrobeat,Nigeria,phone,0,3.71
970,12/11/2024,Lagos Tape Club,Winter Rooms,AFROBEAT,Nigeria,TABLET,0,3.23
1253,2025-02-11,Fjord & Flint,Blue Ferry,FOLK,Norway,laptop,1,0.41
277,2024-03-23,Bright Utility,Winter Window,INDIE,United Kingdom,speaker,0,2.7
846,2024-10-09,Sara Lindqvist,Golden Harbour,pop,Sweden,tablet,0,2.68
1271,2025-02-17,Mango Static,Hollow Parade,Latin,Brazil,laptop,0,4.81
1213,2025-01-28,Sara Lindqvist,Electric Weather,pop,Sweden,laptop,0,2.01
54,2024-01-14,The Paper Kites Society,Slow Rooms,Indie,Australia,phone,0,2.28
337,2024-04-07,Northern Signal,Winter Wires,ELECTRONIC,Norway,PHONE,0,7.41
1450,2025-04-20,DJ Kompas,Midnight Weather,Electronic,Netherlands,laptop,1,1.62
1708,03/08/2025,Fjord & Flint,Broken Radio,Folk,Norway,PHONE,0,3.45
1926,2025-10-24,DJ Kompas,Paper Signal,,Netherlands,PHONE,0,4.56
1533,2025-05-14,Sara Lindqvist,Northern Radio,Pop,Sweden,LAPTOP,0,3.14
261,19-03-2024,Static Meadow,Winter Mornings,Rock,United States,speaker,0,4.55
1523,2025-05-11,Kito Ndungu,Static Tape,Afrobeat,Kenya,phone ,0,1.77
2029,2025-11-19,Glass Tram,Salt Lines,Electronic,Germany,phone,0,6.91 min
1187,2025-01-18,DJ Kompas,Paper Rooms,electronic,Netherlands,laptop,0,
645,03-08-2024,Glass Tram,Broken Mornings,  Electronic ,Germany,TABLET,0,6.38
1935,2025-10-27,The Slow Ferry,Velvet Season,Indie,Ireland,speaker,0,5.36
106,2024-01-28,Sara Lindqvist,Northern Radio,Pop,Sweden,LAPTOP ,0,1.93
622,21/07/2024,Basement Cartography,Summer Orbit,INDIE,Canada,PHONE,0,4.56
1943,2025-10-29,Mireille Basset,Harbour Window,Jazz,France,car,0,9.29
1123,2025-01-01,Luz de Enero,Harbour Season,Latin,Spain,phone,1,0.84
104,2024-01-28,Glass Tram,Salt Lines,  Electronic ,Germany,laptop,0,4.51
1602,2025-06-07,Basement Cartography,Blue Traffic,Indie,Canada,phone,0,3.43
175,2024-02-19,Sara Lindqvist,Broken Kitchen,POP,Sweden,speaker,0,4.95
913,2024-10-26,Cassette Revival,Golden Traffic,INDIE,France,speaker,0,5.0
1089,2024-12-17,Brannon Hill,Midnight Kitchen,Folk,Ireland,phone,0,4.6
919,2024-10-28,Glass Tram,Salt Lines,ELECTRONIC,Germany,PHONE,0,4.75
1276,2025-02-19,Fjord & Flint,Broken Radio,  Folk ,Norway,phone,0,4.33
2021,2025-11-17,The Tuesday Club,Northern Ferry,pop,United Kingdom,CAR,0,3.35
73,2024-01-19,Selva Alta,Harbour Orbit,Latin,Peru,phone,0,2.93
1891,15-10-2025,DJ Kompas,Paper Signal,Electronic,Netherlands,phone,0,4.58
40,2024-01-11,Glass Tram,Broken Lines,ELECTRONIC,Germany,laptop,0,5.94
1020,2024-11-28,Sara Lindqvist,Electric Weather,Pop,Sweden,phone,0,1.74
56,2024-01-15,Pale Cartography,Blue Signal,  Folk ,Canada,phone,0,2.86
1975,2025-11-05,The Slow Ferry,Iron Weather,Indie,Ireland,laptop,0,3.48
2111,2025-12-11,Mango Static,Golden Machines,latin,Brazil,tablet,0,2.13
2138,2025-12-18,Fjord & Flint,Midnight Kitchen,Folk,Norway,speaker,0,4.11
993,2024-11-17,Luz de Enero,Static Traffic,Latin,Spain,laptop,1,0.62
221,2024-03-07,Casa Tropicana,Hollow Tape,Latin,Cuba,speaker,0,1.58
16,04/01/2024,The Tuesday Club,Northern Ferry,POP,United Kingdom,laptop,0,4.86
144,10/02/2024,Odessa Brass,Golden Avenue,JAZZ,Ukraine,PHONE ,0,9.42
1883,2025-10-13,Mango Static,Static Wires,Latin,Brazil,speaker,0,3.36
25,2024-01-06,Luz de Enero,Northern Ferry,Latin,Spain,phone,0,2.59
1896,16/10/2025,Glass Tram,Broken Lines,Electronic,Germany,car,0,6.16
1616,2025-06-12,Glass Tram,Salt Lines,ELECTRONIC,Germany,phone,1,0.44
247,14-03-2024,Fjord & Flint,Open Orbit,FOLK,Norway,phone,0,4.86
1388,2025-03-28,Lagos Tape Club,Hollow Ferry,Afrobeat,Nigeria,phone,0,1.72
1733,2025-08-14,Glass Tram,Broken Mornings,Electronic,Germany,tablet,0,3.91
520,2024-06-06,DJ Kompas,Midnight Weather,Electronic,Netherlands,,0,5.64
2041,2025-11-21,Lagos Tape Club,Winter Rooms,AFROBEAT,Nigeria,tablet,0,2.94
1933,2025-10-26,DJ Kompas,Quiet Orbit,Electronic,Netherlands,car,0,
1039,2024-12-02,Pale Cartography,Winter Weather,Folk,Canada,speaker,0,4.69
365,17/04/2024,Sara Lindqvist,Northern Radio,POP,Sweden,,0,2.26
1219,2025-01-30,Glass Tram,Salt Lines,Electronic,Germany,laptop,0,4.37
167,2024-02-16,Basement Cartography,Summer Orbit,Indie,Canada,speaker,0,3.26 min
882,2024-10-18,DJ Kompas,Paper Rooms,  Electronic ,Netherlands,,0,7.73
1807,2025-09-15,Rosewood Lane,Slow Rooms,Folk,United Kingdom,PHONE,0,6.59
1000,2024-11-20,Fjord & Flint,Blue Traffic,Folk,Norway,tablet,0,0.49
880,2024-10-18,Luz de Enero,Velvet Harbour,Latin,Spain,phone,0,5.31
697,2024-08-27,Fjord & Flint,Blue Avenue,Folk,Norway,phone,1,0.22
650,2024-08-05,Yuki Tanaka Trio,Golden Window,Jazz,Japan,laptop,1,0.89
1436,2025-04-15,The Tuesday Club,Broken Harbour,  Pop ,United Kingdom,LAPTOP,0,1.5
1081,2024-12-15,The Quiet Wires,Harbour Orbit,ROCK,United States,phone,0,8.05
4,2024-01-01,DJ Kompas,Paper Signal,ELECTRONIC,Netherlands,phone,0,4.42
386,25-04-2024,The Paper Kites Society,Hollow Letters,Indie,Australia,tablet,1,0.27
1690,2025-07-24,Luz de Enero,Static Machines,Latin,Spain,laptop,0,5.76
1237,2025-02-05,Marta Oliveira,Paper Avenue,Jazz,Portugal,,1,1.93
406,2024-05-01,Fjord & Flint,Summer Wires,FOLK,Norway,laptop,0,2.87
1128,2025-01-02,Glass Tram,Amber Ferry,Electronic,Germany,speaker ,0,5.43 min
1060,2024-12-09,Marta Oliveira,Electric Mornings,  Jazz ,Portugal,phone,0,5.94
430,2024-05-07,Hollow Pines,Winter Traffic,Folk,United States,PHONE,0,4.91
1473,2025-04-28,Sara Lindqvist,Golden Harbour,Pop,Sweden,phone,0,3.68
1750,2025-08-25,Sara Lindqvist,Golden Harbour,Pop,Sweden,laptop,0,1.17
1488,2025-05-02,Fjord & Flint,Open Orbit,Folk,Norway,phone,0,
848,2024-10-10,DJ Kompas,Hollow Radio,Electronic,Netherlands,speaker ,0,3.68 min
1536,2025-05-15,Northern Signal,Salt Lines,Electronic,Norway,phone,0,
961,2024-11-08,Fjord & Flint,Blue Ferry,Folk,Norway,phone,0,1.1 min
1209,2025-01-26,Fjord & Flint,Midnight Kitchen,Folk,Norway,phone,1,
2150,2025-12-22,Lagos Tape Club,Velvet Avenue,Afrobeat,Nigeria,phone,0,1.42
2115,2025-12-13,Sara Lindqvist,Midnight Orbit,Pop,Sweden,car,0,2.23
487,2024-05-26,Brannon Hill,Quiet Ferry,  Folk ,Ireland,LAPTOP,0,3.83
747,2024-09-10,Fjord & Flint,Blue Traffic,FOLK,Norway,laptop ,0,2.54
474,2024-05-23,Lagos Tape Club,Bright Wires,Afrobeat,Nigeria,phone,0,3.95
1991,2025-11-09,Sara Lindqvist,Summer Tape,Pop,Sweden,phone,1,0.64
682,2024-08-18,Hollow Pines,Amber Lines,FOLK,United States,SPEAKER,0,2.71
1339,15/03/2025,Mireille Basset,Static Signal,Jazz,France,PHONE,0,9.33
1133,2025-01-03,Selva Alta,Amber Mornings,Latin,Peru,phone,0,5.26
1345,17/03/2025,Hollow Pines,Amber Lines,Folk,United States,phone,0,
1093,2024-12-20,Brannon Hill,Midnight Kitchen,Folk,Ireland,laptop ,0,5.88
1524,2025-05-11,Fjord & Flint,Blue Avenue,FOLK,Norway,LAPTOP,0,3.68
1285,2025-02-23,Brannon Hill,Electric Parade,Folk,Ireland,phone,0,4.43
182,2024-02-22,Northern Signal,Velvet Wires,Electronic,Norway,phone,0,4.55
740,2024-09-07,Glass Tram,Amber Ferry,ELECTRONIC,Germany,phone,0,5.46
771,2024-09-18,Fjord & Flint,Blue Ferry,Folk,Norway,phone,0,8.08
830,2024-10-05,Mireille Basset,Midnight Traffic,  Jazz ,France,phone,0,7.72 min
1988,2025-11-09,Northern Signal,Winter Wires,ELECTRONIC,Norway,PHONE,0,3.86
246,14/03/2024,Northern Signal,Salt Lines,  Electronic ,Norway,speaker,0,5.53
2095,2025-12-06,The Slow Ferry,Amber Garden,Indie,Ireland,speaker,0,5.17
15,2024-01-04,Lagos Tape Club,Velvet Avenue,Afrobeat,Nigeria,TABLET,0,3.33
310,2024-03-29,Sara Lindqvist,Midnight Orbit,Pop,Sweden,PHONE,0,4.49
953,2024-11-05,DJ Kompas,Paper Signal,electronic,Netherlands,phone,0,4.55
1958,31-10-2025,Pale Cartography,Bright Tape,Folk,Canada,LAPTOP,0,3.05
139,2024-02-08,The Quiet Wires,Harbour Orbit,Rock,United States,PHONE,0,2.13
707,2024-08-31,Brannon Hill,Northern Machines,  Folk ,Ireland,phone,0,2.93
1404,2025-04-01,Glass Tram,Broken Lines,Electronic,Germany,laptop ,0,6.24
1534,2025-05-14,Static Meadow,Paper Parade,Rock,United States,PHONE,0,3.44
494,2024-05-29,The Tuesday Club,Salt Wires,Pop,United Kingdom,car,1,0.56
1743,2025-08-21,Marta Oliveira,Broken Orbit,JAZZ,Portugal,laptop,0,8.07
1323,11-03-2025,Glass Tram,Broken Lines,Electronic,Germany,PHONE,0,8.26
1698,2025-07-29,Lagos Tape Club,Open Radio,Afrobeat,Nigeria,speaker,0,3.52
1245,2025-02-08,The Quiet Wires,Harbour Orbit,Rock,United States,car,1,
856,13-10-2024,Glass Tram,Broken Mornings,Electronic,Germany,,0,6.86
786,2024-09-22,Fjord & Flint,Midnight Kitchen,Folk,Norway,laptop,0,3.59
876,2024-10-17,Fjord & Flint,Blue Avenue,Folk,Norway,laptop,0,0.64
886,2024-10-19,Orquesta Bellavista,Quiet Wires,latin,Colombia,,0,1.91
929,30/10/2024,Pale Cartography,Open Season,Folk,Canada,phone,0,3.44
1551,2025-05-20,Hollow Pines,Amber Lines,Folk,United States,speaker,0,2.36
125,2024-02-03,Northern Signal,Electric Avenue,Electronic,Norway,laptop,0,6.09
1200,2025-01-24,The Quiet Wires,Quiet Rooms,Rock,United States,tablet,0,6.69
1765,2025-09-03,DJ Kompas,Golden Weather,ELECTRONIC,Netherlands,phone,0,6.03
1545,2025-05-18,Static Meadow,Amber Tape,Rock,United States,LAPTOP,0,4.97
1758,31/08/2025,Mireille Basset,Blue Window,Jazz,France,phone,0,7.12
1341,2025-03-16,The Quiet Wires,Open Mornings,Rock,NA,phone,0,3.8
1361,2025-03-21,Glass Tram,Broken Mornings,Electronic,Germany,phone,0,5.84
1785,2025-09-08,Fjord & Flint,Broken Radio,Folk,Norway,PHONE,0,2.83
1376,2025-03-24,Casa Tropicana,Harbour Orbit,,NA,laptop,0,
706,2024-08-30,Hertz Garden,Blue Harbour,ELECTRONIC,Germany,laptop ,0,7.25
1239,2025-02-06,Velvet Aqueduct,Harbour Season,Rock,Italy,SPEAKER,0,3.53
1713,2025-08-07,Sara Lindqvist,Electric Weather,Pop,Sweden,phone,0,5.01
1075,2024-12-13,The Quiet Wires,Quiet Rooms,Rock,United States,PHONE,0,5.74
108,2024-01-29,DJ Kompas,Quiet Orbit,Electronic,Netherlands,laptop,0,4.12
1432,2025-04-13,DJ Kompas,Golden Weather,Electronic,Netherlands,tablet,0,6.09
1044,2024-12-04,The Paper Kites Society,Electric Lines,Indie,Australia,phone,0,3.19
1268,16/02/2025,Hertz Garden,Northern Lines,Electronic,Germany,laptop,0,6.92 min
1746,2025-08-23,Cassette Revival,Slow Signal,Indie,France,phone,0,3.88
457,2024-05-16,Casa Tropicana,Harbour Rooms,Latin,Cuba,phone,0,4.03
613,18/07/2024,Pale Cartography,Open Season,Folk,Canada,car,0,8.05
1395,2025-03-29,The Paper Kites Society,Velvet Wires,Indie,Australia,tablet,0,4.88
1584,30-05-2025,DJ Kompas,Harbour Kitchen,Electronic,Netherlands,LAPTOP,0,5.22
1418,2025-04-08,Fjord & Flint,Blue Avenue,Folk,Norway,phone,0,2.52
432,07/05/2024,Glass Tram,Broken Lines,ELECTRONIC,Germany,phone,0,5.14 min
1615,2025-06-12,DJ Kompas,Quiet Orbit,Electronic,Netherlands,,0,2.75
972,2024-11-12,Selva Alta,Harbour Orbit,Latin,Peru,phone,0,2.21
376,20/04/2024,Orquesta Bellavista,Velvet Garden,latin,Colombia,laptop,0,5.65
1151,08-01-2025,DJ Kompas,Hollow Radio,  Electronic ,Netherlands,laptop,0,4.54
331,2024-04-06,Casa Tropicana,Harbour Rooms,Latin,Cuba,laptop,0,3.82
1297,2025-03-01,Casa Tropicana,Blue Machines,Latin,Cuba,phone,0,4.74
1183,2025-01-18,Glass Tram,Broken Lines,Electronic,Germany,phone,0,6.01
1066,10/12/2024,Mireille Basset,Blue Window,Jazz,France,CAR,0,8.3
675,2024-08-15,Sara Lindqvist,Slow Mornings,Pop,Sweden,PHONE,0,3.7
821,03/10/2024,Basement Cartography,Broken Kitchen,Indie,Canada,speaker,0,3.11
1058,2024-12-09,Selva Alta,Amber Mornings,LATIN,Peru,PHONE,0,4.73
1664,2025-07-11,DJ Kompas,Midnight Weather,Electronic,Netherlands,,0,4.95
1115,2024-12-28,Selva Alta,Electric Letters,Latin,Peru,phone,0,3.57
414,2024-05-03,Glass Tram,Broken Lines,Electronic,Germany,phone,0,6.78
680,2024-08-16,DJ Kompas,Electric Mornings,Electronic,Netherlands,PHONE,0,4.84
1885,2025-10-13,DJ Kompas,Bright Ferry,Electronic,Netherlands,laptop,0,
825,2024-10-04,Glass Tram,Salt Lines,Electronic,Germany,LAPTOP,0,5.69
1568,2025-05-26,Fjord & Flint,Northern Avenue,FOLK,Norway,,0,6.5
1495,03/05/2025,Kito Ndungu,Amber Kitchen,Afrobeat,Kenya,phone,0,3.58
315,2024-03-30,The Quiet Wires,Open Mornings,Rock,United States,phone,0,4.55
367,18/04/2024,DJ Kompas,Harbour Kitchen,Electronic,Netherlands,laptop,0,7.55
1426,2025-04-12,Sara Lindqvist,Summer Tape,Pop,Sweden,phone,0,2.59
1848,02/10/2025,Sara Lindqvist,Northern Radio,Pop,Sweden,CAR,0,3.05
948,03/11/2024,Glass Tram,Amber Ferry,Electronic,Germany,phone,0,6.5
2135,2025-12-17,Brannon Hill,Northern Machines,Folk,Ireland,tablet,0,4.95
2182,31-12-2025,Glass Tram,Amber Ferry,Electronic,Germany,laptop,0,3.26
48,2024-01-13,Basement Cartography,Blue Traffic,Indie,Canada,speaker,1,0.57 min
767,2024-09-18,Brannon Hill,Midnight Kitchen,Folk,Ireland,phone,1,0.67
1854,2025-10-03,Sara Lindqvist,Golden Harbour,Pop,Sweden,speaker ,0,4.31
1674,2025-07-16,Yuki Tanaka Trio,Northern Lines,Jazz,Japan,speaker,0,9.06
888,2024-10-19,Mireille Basset,Harbour Window,jazz,France,car,1,0.74
1639,2025-06-27,DJ Kompas,Paper Rooms,Electronic,Netherlands,PHONE ,0,7.47
1122,2024-12-31,Yuki Tanaka Trio,Northern Window,Jazz,Japan,phone,0,7.92
1747,2025-08-23,Sara Lindqvist,Slow Mornings,Pop,Sweden,phone,0,3.18
1886,2025-10-14,Brannon Hill,Quiet Ferry,Folk,Ireland,tablet,0,2.48
1501,2025-05-05,Glass Tram,Salt Lines,  Electronic ,Germany,laptop,0,6.81
1763,2025-09-02,DJ Kompas,Electric Mornings,Electronic,Netherlands,laptop,0,7.53
945,02-11-2024,Casa Tropicana,Golden Harbour,LATIN,Cuba,speaker,0,2.77
1714,2025-08-07,The Quiet Wires,Quiet Rooms,ROCK,United States,speaker,0,3.28
738,2024-09-06,The Paper Kites Society,Velvet Wires,indie,Australia,tablet,1,0.51
1145,2025-01-06,Basement Cartography,Velvet Kitchen,Indie,Canada,phone,1,1.33
949,2024-11-03,Glass Tram,Broken Mornings,Electronic,Germany,phone,0,7.82
2116,2025-12-13,Marta Oliveira,Paper Avenue,jazz,Portugal,phone,0,5.38
982,2024-11-14,DJ Kompas,Golden Weather,ELECTRONIC,Netherlands,phone,1,1.27
1638,27-06-2025,Fjord & Flint,Blue Ferry,Folk,Norway,phone,0,4.82
2047,2025-11-23,Pale Cartography,Open Season,Folk,Canada,phone,0,1.21
2128,2025-12-15,Luz de Enero,Summer Rooms,latin,Spain,speaker,0,5.49 min
18,2024-01-04,Sara Lindqvist,Summer Tape,Pop,Sweden,PHONE,0,5.09
838,2024-10-06,Rosewood Lane,Paper Mornings,folk,United Kingdom,phone,0,2.73
739,2024-09-07,Basement Cartography,Summer Orbit,Indie,Canada,PHONE,0,2.57
1118,29/12/2024,Luz de Enero,Paper Window,LATIN,Spain,phone,1,0.65
1055,2024-12-09,Lagos Tape Club,Open Radio,afrobeat,Nigeria,phone,1,
66,2024-01-17,Casa Tropicana,Paper Orbit,LATIN,Cuba,LAPTOP,0,3.87
1053,2024-12-07,Selva Alta,Amber Mornings,  Latin ,Peru,laptop,0,4.03
1192,2025-01-21,DJ Kompas,Harbour Kitchen,electronic,Netherlands,speaker ,0,4.23 min
27,2024-01-07,Sara Lindqvist,Broken Kitchen,Pop,Sweden,phone,1,0.81
941,2024-11-02,Sara Lindqvist,Summer Tape,POP,Sweden,laptop,0,4.76
814,2024-10-01,The Quiet Wires,Quiet Rooms,ROCK,United States,phone,0,4.22
1229,2025-02-01,Lagos Tape Club,Velvet Avenue,Afrobeat,Nigeria,speaker,0,4.05
1486,2025-05-01,Casa Tropicana,Harbour Orbit,Latin,Cuba,PHONE,0,4.19
694,2024-08-26,Basement Cartography,Blue Mornings,Indie,Canada,car,0,3.48
854,2024-10-12,Pale Cartography,Bright Tape,Folk,Canada,car,0,5.07
2094,05/12/2025,The Paper Kites Society,Velvet Garden,Indie,Australia,car ,0,5.9
968,2024-11-10,Fjord & Flint,Northern Avenue,Folk,Norway,phone,1,0.97
1705,2025-08-01,DJ Kompas,Hollow Radio,Electronic,Netherlands,laptop,0,5.41
554,2024-06-20,Sara Lindqvist,Broken Kitchen,Pop,Sweden,phone,1,0.39
1901,2025-10-17,Luz de Enero,Harbour Season,  Latin ,Spain,PHONE,0,4.04
1589,2025-06-02,Glass Tram,Broken Lines,ELECTRONIC,Germany,phone,0,3.91
1577,2025-05-29,Glass Tram,Salt Lines,Electronic,Germany,laptop,0,6.35
326,03/04/2024,Fjord & Flint,Blue Ferry,Folk,Norway,phone,0,6.19
311,2024-03-29,Glass Tram,Broken Lines,ELECTRONIC,Germany,phone,0,6.3
1720,2025-08-09,Sara Lindqvist,Northern Radio,Pop,Sweden,laptop,0,2.63
1140,05-01-2025,Sara Lindqvist,Summer Tape,  Pop ,Sweden,phone,0,5.91
877,17/10/2024,Salon Mécanique,Harbour Machines,JAZZ,Belgium,phone,0,8.67
660,2024-08-09,Fjord & Flint,Midnight Kitchen,Folk,Norway,car,0,5.6
317,2024-03-31,Kanto Kids,Bright Machines,Pop,Philippines,speaker ,0,2.36
2059,2025-11-26,Marta Oliveira,Paper Avenue,Jazz,Portugal,speaker,0,6.36
1972,2025-11-05,Sara Lindqvist,Quiet Harbour,Pop,Sweden,speaker,0,2.95
9,2024-01-02,Fjord & Flint,Blue Traffic,Folk,Norway,laptop,0,5.19
1391,2025-03-29,Lagos Tape Club,Hollow Ferry,Afrobeat,Nigeria,laptop ,1,0.23
1325,12/03/2025,DJ Kompas,Paper Signal,Electronic,Netherlands,laptop,0,6.14
65,2024-01-17,DJ Kompas,Paper Rooms,Electronic,Netherlands,phone,0,6.36
797,2024-09-24,DJ Kompas,Bright Ferry,ELECTRONIC,NA,phone,0,5.4
1598,2025-06-05,Hollow Pines,Midnight Harbour,FOLK,United States,laptop ,1,0.71
1518,2025-05-10,Yuki Tanaka Trio,Golden Machines,Jazz,Japan,laptop,0,7.52
493,2024-05-29,The Quiet Wires,Quiet Machines,rock,United States,LAPTOP,0,4.48
539,2024-06-14,Basement Cartography,Iron Traffic,Indie,Canada,SPEAKER,1,0.52
1689,2025-07-23,Fjord & Flint,Open Orbit,,Norway,laptop,0,4.69
1611,12/06/2025,Bright Utility,Salt Season,indie,United Kingdom,laptop,0,1.69
248,2024-03-15,Fjord & Flint,Open Orbit,FOLK,Norway,phone,0,3.54
849,2024-10-11,Orquesta Bellavista,Open Orbit,  Latin ,Colombia,laptop,0,3.76
415,2024-05-03,Glass Tram,Broken Lines,Electronic,Germany,phone ,0,6.96 min
1630,22/06/2025,Yuki Tanaka Trio,Golden Window,Jazz,Japan,car,0,7.82
1772,2025-09-05,Sara Lindqvist,Northern Radio,Pop,Sweden,phone,0,4.12
722,04/09/2024,Glass Tram,Broken Mornings,Electronic,Germany,speaker,1,1.5
2173,2025-12-29,Lagos Tape Club,Winter Rooms,Afrobeat,Nigeria,phone,0,3.8
1821,2025-09-21,The Quiet Wires,Golden Wires,Rock,United States,speaker ,0,4.07
28,2024-01-07,Marta Oliveira,Static Wires,Jazz,Portugal,phone,0,6.06
732,06/09/2024,Glass Tram,Salt Lines,electronic,Germany,phone,0,4.94
582,2024-07-01,DJ Kompas,Golden Weather,ELECTRONIC,Netherlands,phone,0,3.59
918,2024-10-28,Fjord & Flint,Golden Garden,Folk,Norway,laptop,0,4.25
763,16-09-2024,DJ Kompas,Paper Signal,Electronic,Netherlands,phone,0,3.88
183,2024-02-23,Kito Ndungu,Hollow Machines,Afrobeat,Kenya,phone,0,3.9
2024,2025-11-18,DJ Kompas,Bright Ferry,electronic,Netherlands,phone,0,5.33
1168,2025-01-13,Cassette Revival,Hollow Radio,Indie,France,speaker,0,6.45
1483,2025-04-30,Brannon Hill,Quiet Ferry,Folk,Ireland,phone,1,0.52
1013,2024-11-25,Casa Tropicana,Harbour Orbit,Latin,Cuba,laptop,0,3.33
1849,2025-10-02,Orquesta Bellavista,Iron Lines,LATIN,Colombia,phone,0,3.37
425,2024-05-06,DJ Kompas,Paper Signal,Electronic,Netherlands,phone,0,6.0
2010,2025-11-14,Kito Ndungu,Static Tape,AFROBEAT,Kenya,laptop,0,2.46
1101,2024-12-23,Neon Harbour,Paper Ferry,ELECTRONIC,Netherlands,laptop,0,4.69
1878,11/10/2025,Fjord & Flint,Broken Radio,Folk,Norway,LAPTOP ,0,3.41
775,18/09/2024,Pale Cartography,Velvet Avenue,FOLK,Canada,PHONE,0,5.09
1196,2025-01-22,Hertz Garden,Blue Harbour,electronic,Germany,phone,0,5.01
1382,26/03/2025,Selva Alta,Open Ferry,LATIN,Peru,phone,0,0.88
999,2024-11-19,Glass Tram,Broken Mornings,ELECTRONIC,Germany,phone,0,6.42
1459,2025-04-23,Glass Tram,Broken Mornings,Electronic,Germany,PHONE,0,6.19
789,2024-09-22,Glass Tram,Broken Lines,Electronic,Germany,phone,0,5.08
313,2024-03-30,Static Meadow,Paper Parade,Rock,United States,speaker,0,3.67
896,2024-10-22,Glass Tram,Broken Lines,Electronic,Germany,phone,0,5.99 min
1778,2025-09-07,Sara Lindqvist,Northern Radio,Pop,Sweden,speaker,0,2.88
928,29-10-2024,DJ Kompas,Paper Signal,ELECTRONIC,Netherlands,PHONE ,0,8.15
1499,04/05/2025,Glass Tram,Salt Lines,Electronic,Germany,phone,0,6.3
382,2024-04-23,Fjord & Flint,Blue Ferry,Folk,Norway,laptop,0,3.65
427,2024-05-07,DJ Kompas,Golden Weather,Electronic,Netherlands,phone,0,6.31
1248,2025-02-09,Northern Signal,Golden Machines,Electronic,Norway,tablet,0,3.51
230,2024-03-09,Brannon Hill,Midnight Kitchen,folk,Ireland,speaker,1,1.38
1144,2025-01-06,Salon Mécanique,Paper Orbit,Jazz,Belgium,PHONE,0,9.9
550,19/06/2024,Glass Tram,Broken Lines,  Electronic ,Germany,phone,0,6.78
1199,24-01-2025,Brannon Hill,Static Weather,Folk,Ireland,speaker,0,4.81
421,2024-05-06,Sara Lindqvist,Electric Weather,Pop,Sweden,PHONE,0,2.97
2161,2025-12-25,Kito Ndungu,Amber Kitchen,Afrobeat,Kenya,PHONE,1,0.17
1088,2024-12-17,Sara Lindqvist,Golden Harbour,Pop,Sweden,phone,0,0.54
1535,2025-05-14,Fjord & Flint,Midnight Kitchen,Folk,Norway,phone,0,3.83
1760,2025-08-31,The Long Commute,Midnight Radio,INDIE,Netherlands,PHONE,0,3.65
1782,2025-09-07,Mireille Basset,Blue Window,Jazz,France,,0,5.73
408,01/05/2024,Selva Alta,Open Orbit,LATIN,Peru,LAPTOP,0,
1805,15/09/2025,Fjord & Flint,Northern Avenue,FOLK,Norway,laptop ,0,
2174,2025-12-29,Brannon Hill,Quiet Ferry,FOLK,Ireland,phone,0,2.33
1481,2025-04-30,Sara Lindqvist,Golden Harbour,Pop,Sweden,,0,3.98
1597,2025-06-05,Brannon Hill,Northern Machines,Folk,Ireland,phone,0,5.07
971,2024-11-12,The Slow Ferry,Velvet Season,Indie,Ireland,speaker,0,3.69
1122,2024-12-31,Yuki Tanaka Trio,Northern Window,Jazz,Japan,phone,0,7.92
1222,2025-01-31,Nora Whitlock,Velvet Machines,Pop,United States,laptop,0,4.18
2160,2025-12-25,Glass Tram,Broken Mornings,Electronic,Germany,phone,1,0.8
262,2024-03-20,Lagos Tape Club,Winter Rooms,Afrobeat,Nigeria,speaker,0,4.53
836,2024-10-06,DJ Kompas,Paper Signal,Electronic,Netherlands,speaker,0,
1853,2025-10-03,Basement Cartography,Blue Mornings,Indie,Canada,laptop,0,3.61
2062,2025-11-27,DJ Kompas,Golden Weather,ELECTRONIC,Netherlands,laptop,0,4.95
820,2024-10-03,Sara Lindqvist,Northern Radio,Pop,Sweden,phone,0,3.19
1452,2025-04-22,Fjord & Flint,Blue Traffic,  Folk ,Norway,PHONE,0,5.77
1193,2025-01-21,DJ Kompas,Harbour Kitchen,Electronic,Netherlands,phone,0,5.73
2137,2025-12-17,Fjord & Flint,Blue Traffic,Folk,Norway,phone,0,5.04
1915,2025-10-21,Luz de Enero,Static Machines,Latin,Spain,phone,0,2.43
994,2024-11-18,Lagos Tape Club,Open Radio,AFROBEAT,Nigeria,phone,0,2.3
1048,2024-12-06,Sara Lindqvist,Electric Weather,Pop,Sweden,phone,0,1.69
688,2024-08-20,Sara Lindqvist,Northern Radio,POP,Sweden,PHONE,0,1.97
2058,2025-11-26,Glass Tram,Salt Lines,  Electronic ,Germany,PHONE,0,5.19
525,2024-06-10,Bright Utility,Broken Machines,indie,United Kingdom,speaker,0,2.28
831,06/10/2024,Hollow Pines,Amber Lines,Folk,United States,car,0,4.47
1570,2025-05-27,Kito Ndungu,Northern Rooms,Afrobeat,Kenya,speaker,0,1.95
8,2024-01-02,The Quiet Wires,Northern Tape,Rock,United States,tablet,0,6.03
955,2024-11-05,Kito Ndungu,Hollow Machines,  Afrobeat ,Kenya,tablet,1,0.3
690,2024-08-21,Selva Alta,Harbour Lines,  Latin ,Peru,laptop,1,0.77
1781,07/09/2025,Glass Tram,Broken Lines,Electronic,Germany,phone,0,7.31
199,2024-02-29,Static Meadow,Broken Season,ROCK,United States,PHONE ,0,4.19
1328,2025-03-12,Fjord & Flint,Northern Avenue,Folk,Norway,laptop,0,3.44
1355,2025-03-18,Static Meadow,Northern Avenue,Rock,United States,phone,0,3.43
1587,2025-06-01,DJ Kompas,Quiet Orbit,  Electronic ,Netherlands,phone,0,5.94
1544,2025-05-17,DJ Kompas,Bright Ferry,ELECTRONIC,Netherlands,laptop,0,5.92
1546,2025-05-18,Luz de Enero,Harbour Season,LATIN,Spain,phone,0,3.25
1437,2025-04-15,Luz de Enero,Static Machines,Latin,Spain,PHONE,0,4.15
1994,10/11/2025,Lagos Tape Club,Bright Wires,Afrobeat,Nigeria,phone,0,3.89
623,2024-07-22,Hollow Pines,Midnight Harbour,folk,United States,phone,0,2.37
2112,2025-12-11,DJ Kompas,Golden Weather,electronic,Netherlands,phone,0,6.24
1583,30/05/2025,Sara Lindqvist,Broken Kitchen,Pop,Sweden,PHONE,0,6.04
1387,28-03-2025,Sara Lindqvist,Slow Mornings,pop,Sweden,laptop,0,3.83
349,2024-04-12,The Quiet Wires,Northern Tape,rock,United States,car,0,3.84
126,2024-02-03,Hollow Pines,Amber Lines,FOLK,United States,speaker,0,3.4
1462,2025-04-24,Glass Tram,Broken Mornings,ELECTRONIC,Germany,tablet,1,0.5
452,15-05-2024,Selva Alta,Electric Letters,LATIN,Peru,SPEAKER,0,4.92
361,14/04/2024,Sara Lindqvist,Midnight Orbit,POP,Sweden,laptop,0,2.4
2145,2025-12-20,Northern Signal,Quiet Avenue,electronic,Norway,phone,0,7.46
428,07/05/2024,The Paper Kites Society,Harbour Rooms,  Indie ,Australia,phone,1,1.03
1299,2025-03-02,Sara Lindqvist,Broken Kitchen,Pop,Sweden,car,0,4.63
1149,08/01/2025,Lagos Tape Club,Bright Wires,Afrobeat,Nigeria,laptop,0,3.92
829,2024-10-05,Bright Utility,Salt Season,indie,United Kingdom,car,0,2.62 min
1109,2024-12-26,Basement Cartography,Summer Orbit,Indie,Canada,PHONE,0,2.29
1815,2025-09-19,Sara Lindqvist,Summer Tape,POP,Sweden,LAPTOP,0,2.1
465,20-05-2024,Brannon Hill,Quiet Ferry,Folk,Ireland,phone,0,5.65
482,25/05/2024,Lagos Tape Club,Hollow Ferry,afrobeat,NA,phone,0,1.55
586,2024-07-02,DJ Kompas,Harbour Kitchen,Electronic,Netherlands,speaker,0,4.47
1967,03/11/2025,Yuki Tanaka Trio,Harbour Season,jazz,Japan,phone ,1,1.39
503,2024-05-31,Sara Lindqvist,Midnight Orbit,Pop,Sweden,phone,0,5.46 min
205,2024-03-02,Casa Tropicana,Hollow Tape,Latin,Cuba,phone,0,1.45
649,05/08/2024,Static Meadow,Paper Parade,ROCK,United States,phone,0,1.66
206,2024-03-02,Sara Lindqvist,Slow Mornings,pop,Sweden,phone,0,5.42
521,2024-06-07,Basement Cartography,Broken Kitchen,Indie,Canada,laptop ,0,1.06
869,2024-10-16,The Slow Ferry,Bright Rooms,Indie,Ireland,PHONE,0,5.66
1378,2025-03-25,Glass Tram,Amber Ferry,ELECTRONIC,Germany,phone,0,3.34
951,2024-11-04,The Paper Kites Society,Amber Window,Indie,Australia,phone,0,2.59
319,2024-03-31,Rosewood Lane,Paper Mornings,Folk,United Kingdom,laptop,0,
198,2024-02-29,Fjord & Flint,Northern Avenue,Folk,Norway,LAPTOP,0,2.5
62,2024-01-16,Basement Cartography,Blue Mornings,INDIE,Canada,phone,0,4.9
136,2024-02-07,Fjord & Flint,Summer Wires,Folk,Norway,phone,0,1.79
513,2024-06-03,Sara Lindqvist,Midnight Orbit,Pop,Sweden,LAPTOP,0,6.16
325,2024-04-02,The Quiet Wires,Open Mornings,rock,United States,phone,0,6.16
1515,09/05/2025,Glass Tram,Amber Ferry,ELECTRONIC,Germany,speaker,0,4.66
1529,12/05/2025,Sara Lindqvist,Midnight Orbit,Pop,Sweden,speaker,0,3.12
2076,2025-12-01,Lagos Tape Club,Winter Rooms,AFROBEAT,Nigeria,phone ,0,3.18
2077,2025-12-01,Sara Lindqvist,Electric Weather,Pop,Sweden,phone,0,2.25
1477,2025-04-29,DJ Kompas,Bright Ferry,electronic,Netherlands,car,0,7.59
822,03/10/2024,Casa Tropicana,Salt Ferry,Latin,Cuba,laptop,0,6.05
891,2024-10-20,Fjord & Flint,Blue Traffic,folk,Norway,phone,0,5.35
6,2024-01-01,Luz de Enero,Northern Ferry,Latin,Spain,PHONE,0,2.4
711,2024-09-02,DJ Kompas,Golden Weather,  Electronic ,Netherlands,laptop,0,7.42
70,2024-01-18,Sara Lindqvist,Midnight Orbit,  Pop ,Sweden,SPEAKER,0,2.71
1996,2025-11-11,Selva Alta,Electric Letters,Latin,Peru,laptop,0,2.35
285,2024-03-24,Fjord & Flint,Broken Radio,  Folk ,Norway,laptop,0,1.89
833,06/10/2024,The Slow Ferry,Iron Weather,INDIE,Ireland,SPEAKER,0,3.7
729,2024-09-05,DJ Kompas,Hollow Radio,Electronic,Netherlands,PHONE,1,0.53 min
535,2024-06-13,Glass Tram,Amber Ferry,Electronic,Germany,speaker,0,5.61
1005,2024-11-22,The Paper Kites Society,Harbour Rooms,Indie,Australia,phone,0,3.31
1621,16/06/2025,Lagos Tape Club,Winter Rooms,Afrobeat,Nigeria,car,0,3.39
379,2024-04-22,DJ Kompas,Hollow Radio,Electronic,Netherlands,speaker,0,6.7
541,2024-06-15,Pale Cartography,Winter Weather,Folk,Canada,phone,1,0.72
2017,2025-11-16,Lagos Tape Club,Hollow Ferry,Afrobeat,Nigeria,phone,0,2.05
1042,2024-12-04,Marta Oliveira,Electric Window,Jazz,Portugal,laptop,0,8.9
189,2024-02-25,The Quiet Wires,Quiet Rooms,Rock,United States,phone,0,5.95
1273,18-02-2025,Fjord & Flint,Midnight Kitchen,,Norway,speaker,0,3.46
304,2024-03-27,Sara Lindqvist,Slow Mornings,Pop,Sweden,CAR,0,2.93
1737,16/08/2025,Selva Alta,Static Kitchen,LATIN,Peru,phone,0,5.22
1201,2025-01-24,Lagos Tape Club,Winter Rooms,Afrobeat,Nigeria,phone,1,0.37
703,2024-08-28,DJ Kompas,Midnight Weather,ELECTRONIC,Netherlands,phone,0,4.13
632,2024-07-26,Basement Cartography,Blue Mornings,INDIE,Canada,phone,0,3.04
696,26/08/2024,DJ Kompas,Electric Mornings,Electronic,Netherlands,phone,1,0.58
1408,2025-04-03,Luz de Enero,Velvet Harbour,Latin,Spain,tablet,1,0.37 min
664,2024-08-11,Fjord & Flint,Blue Avenue,Folk,Norway,phone,0,5.76
652,2024-08-06,Sara Lindqvist,Slow Mornings,Pop,Sweden,phone,0,6.95
619,2024-07-19,Hollow Pines,Midnight Harbour,FOLK,United States,phone,0,7.28
1825,2025-09-22,Fjord & Flint,Blue Avenue,Folk,Norway,phone,1,1.4
870,2024-10-16,Selva Alta,Static Kitchen,,Peru,phone ,0,4.52
564,25/06/2024,Brannon Hill,Electric Parade,Folk,Ireland,phone,0,5.72
1726,11/08/2025,Sara Lindqvist,Golden Harbour,POP,Sweden,tablet,0,5.15
866,2024-10-15,Pale Cartography,Winter Weather,Folk,Canada,speaker,1,1.23
640,30/07/2024,Fjord & Flint,Golden Garden,Folk,Norway,phone,0,4.73
1827,2025-09-23,DJ Kompas,Hollow Radio,Electronic,Netherlands,phone,0,6.38
441,2024-05-10,DJ Kompas,Harbour Kitchen,Electronic,Netherlands,laptop,0,2.31
2144,2025-12-20,Basement Cartography,Summer Orbit,Indie,NA,phone,0,3.01
2051,23/11/2025,Sara Lindqvist,Quiet Harbour,POP,Sweden,,1,0.53
1791,2025-09-09,Bright Utility,Winter Window,  Indie ,United Kingdom,phone,0,
516,2024-06-05,DJ Kompas,Paper Signal,electronic,Netherlands,laptop,0,5.68
1132,2025-01-03,Yuki Tanaka Trio,Winter Parade,Jazz,Japan,car,0,7.57
1860,05/10/2025,Glass Tram,Amber Ferry,Electronic,Germany,phone,0,6.53
394,2024-04-28,DJ Kompas,Golden Weather,  Electronic ,Netherlands,laptop,1,0.31
1610,2025-06-11,Fjord & Flint,Open Orbit,FOLK,Norway,speaker,0,2.64
433,2024-05-08,Casa Tropicana,Golden Harbour,Latin,Cuba,car,0,3.29
1918,2025-10-22,Selva Alta,Harbour Orbit,Latin,Peru,speaker,0,3.73
481,2024-05-25,Hollow Pines,Winter Traffic,Folk,United States,laptop,0,0.78
1680,2025-07-17,Static Meadow,Static Signal,,United States,phone,0,3.39
401,2024-04-29,Neon Harbour,Paper Ferry,Electronic,Netherlands,,0,3.8
268,2024-03-21,Luz de Enero,Paper Window,Latin,Spain,,0,
1887,2025-10-14,Casa Tropicana,Salt Ferry,Latin,Cuba,phone ,0,2.54
651,2024-08-05,Yuki Tanaka Trio,Harbour Season,Jazz,Japan,laptop,0,10.96
647,03/08/2024,Northern Signal,Golden Machines,ELECTRONIC,Norway,car,0,5.32
61,2024-01-16,Marta Oliveira,Electric Mornings,jazz,Portugal,speaker ,0,9.44
589,2024-07-03,Glass Tram,Broken Lines,electronic,Germany,phone,0,
1830,2025-09-24,The Paper Kites Society,Electric Radio,Indie,Australia,laptop,1,0.35
2009,2025-11-14,Orquesta Bellavista,Paper Signal,Latin,NA,tablet,0,3.25
1290,2025-02-25,Sara Lindqvist,Quiet Harbour,Pop,Sweden,SPEAKER,0,4.96
445,2024-05-12,Basement Cartography,Iron Traffic,Indie,Canada,laptop,0,7.62
1445,2025-04-18,DJ Kompas,Midnight Weather,Electronic,Netherlands,phone,0,5.76
203,2024-03-01,Brannon Hill,Electric Parade,Folk,Ireland,LAPTOP,0,2.05
563,2024-06-25,DJ Kompas,Harbour Kitchen,Electronic,Netherlands,phone,0,5.21
608,2024-07-15,Kito Ndungu,Salt Ferry,afrobeat,Kenya,phone,0,5.12
823,03/10/2024,DJ Kompas,Midnight Weather,Electronic,Netherlands,car,0,6.29
1548,2025-05-19,Kito Ndungu,Bright Weather,Afrobeat,Kenya,phone,0,3.44
498,2024-05-30,DJ Kompas,Paper Signal,electronic,Netherlands,SPEAKER,0,5.72
1304,2025-03-04,Basement Cartography,Velvet Kitchen,,Canada,,0,4.59
2131,2025-12-16,Sara Lindqvist,Electric Weather,pop,Sweden,car,0,3.59
1288,2025-02-24,Fjord & Flint,Blue Traffic,Folk,Norway,speaker ,0,0.62
865,2024-10-15,Glass Tram,Amber Ferry,electronic,Germany,phone,0,5.13
1085,17/12/2024,Lagos Tape Club,Hollow Ferry,AFROBEAT,Nigeria,speaker,1,1.18
708,2024-09-01,Kito Ndungu,Northern Rooms,  Afrobeat ,Kenya,phone,0,3.18
788,22/09/2024,Fjord & Flint,Blue Traffic,Folk,Norway,phone,1,1.06
424,2024-05-06,Fjord & Flint,Midnight Kitchen,Folk,Norway,phone,0,2.58
2099,08/12/2025,The Long Commute,Midnight Weather,INDIE,Netherlands,phone,1,1.79
819,2024-10-03,Sara Lindqvist,Northern Radio,pop,Sweden,phone,0,2.42
215,05/03/2024,Fjord & Flint,Summer Wires,Folk,Norway,phone,0,4.05
656,2024-08-08,Sara Lindqvist,Northern Radio,  Pop ,Sweden,speaker,1,0.59
1563,25-05-2025,Glass Tram,Salt Lines,ELECTRONIC,Germany,laptop,0,2.67
123,2024-02-02,Glass Tram,Amber Ferry,Electronic,Germany,phone,0,2.98 min
1686,2025-07-21,Glass Tram,Amber Ferry,Electronic,Germany,laptop,1,1.83
475,2024-05-23,Marta Oliveira,Electric Mornings,Jazz,Portugal,speaker,0,6.33
2064,2025-11-28,Brannon Hill,Electric Parade,Folk,Ireland,phone ,0,
2143,2025-12-20,The Quiet Wires,Golden Wires,,United States,tablet,0,5.13
761,2024-09-16,Orquesta Bellavista,Iron Lines,  Latin ,Colombia,phone,0,3.37
2068,28-11-2025,Hollow Pines,Salt Harbour,Folk,United States,speaker,0,3.66
426,2024-05-06,Glass Tram,Broken Mornings,Electronic,Germany,PHONE ,0,6.27
766,18-09-2024,DJ Kompas,Paper Signal,Electronic,Netherlands,phone ,0,6.62
1057,2024-12-09,Northern Signal,Electric Avenue,,Norway,car,0,6.06
558,2024-06-22,The Long Commute,Broken Orbit,Indie,Netherlands,car,1,0.3
485,2024-05-26,Pale Cartography,Open Season,Folk,Canada,phone,0,3.3
1861,05/10/2025,Fjord & Flint,Golden Garden,Folk,Norway,laptop,0,6.45
954,05/11/2024,Brannon Hill,Quiet Ferry,folk,Ireland,phone,0,3.39
181,2024-02-21,DJ Kompas,Harbour Kitchen,Electronic,Netherlands,phone,1,0.81
1254,2025-02-11,Fjord & Flint,Blue Avenue,Folk,Norway,laptop,0,4.86
598,2024-07-08,Fjord & Flint,Blue Traffic,  Folk ,Norway,phone,0,4.07
922,2024-10-28,Fjord & Flint,Blue Avenue,FOLK,Norway,phone,0,4.96
845,2024-10-08,Fjord & Flint,Golden Garden,Folk,NA,phone,0,0.72
1636,2025-06-24,The Quiet Wires,Golden Wires,Rock,United States,car,0,6.25
1092,2024-12-20,DJ Kompas,Midnight Weather,  Electronic ,NA,phone,0,3.36
2081,2025-12-02,Sara Lindqvist,Northern Radio,Pop,Sweden,phone,0,3.64
491,2024-05-28,Glass Tram,Salt Lines,Electronic,Germany,phone,0,4.61
1293,2025-02-27,Sara Lindqvist,Broken Kitchen,POP,Sweden,laptop,0,6.3
585,2024-07-02,Northern Signal,Velvet Wires,Electronic,Norway,tablet,0,5.85
605,2024-07-14,Sara Lindqvist,Midnight Orbit,pop,Sweden,laptop,0,2.95
1159,2025-01-11,Sara Lindqvist,Quiet Harbour,  Pop ,Sweden,PHONE,0,
1561,23/05/2025,Basement Cartography,Blue Traffic,INDIE,Canada,CAR,0,3.67
1185,2025-01-18,The Slow Ferry,Bright Rooms,Indie,Ireland,phone,0,4.32
1106,2024-12-24,Mireille Basset,Static Signal,Jazz,France,PHONE,1,2.3
2181,2025-12-31,Hollow Pines,Bright Garden,FOLK,United States,SPEAKER,0,1.34
544,2024-06-15,DJ Kompas,Electric Mornings,Electronic,Netherlands,phone,0,7.87
1033,30/11/2024,Cassette Revival,Slow Signal,Indie,France,car,0,4.19
614,2024-07-18,Kito Ndungu,Northern Rooms,Afrobeat,Kenya,speaker,1,0.38
1684,2025-07-20,Hollow Pines,Winter Traffic,folk,United States,phone,0,1.7
1073,12/12/2024,The Quiet Wires,Golden Season,ROCK,United States,phone,1,0.76
1964,2025-11-02,The Paper Kites Society,Electric Radio,  Indie ,Australia,phone,0,3.89
785,2024-09-22,Rosewood Lane,Golden Garden,folk,United Kingdom,phone,0,1.12
1578,29/05/2025,Lagos Tape Club,Winter Rooms,AFROBEAT,Nigeria,speaker,0,7.2
1099,2024-12-22,Sara Lindqvist,Electric Weather,POP,Sweden,phone ,1,0.82
1441,2025-04-17,DJ Kompas,Paper Rooms,ELECTRONIC,Netherlands,car,0,4.88
530,2024-06-11,The Tuesday Club,Broken Harbour,,United Kingdom,laptop,0,4.33
2114,2025-12-12,Sara Lindqvist,Slow Mornings,Pop,Sweden,phone,1,0.36
1540,2025-05-16,Sara Lindqvist,Quiet Harbour,POP,Sweden,LAPTOP,0,
297,2024-03-27,The Quiet Wires,Harbour Orbit,Rock,United States,phone,0,2.07
683,2024-08-18,Basement Cartography,Summer Orbit,Indie,Canada,phone,0,3.99
336,07/04/2024,Orquesta Bellavista,Quiet Wires,Latin,Colombia,phone,0,3.92
1212,2025-01-26,Rosewood Lane,Golden Letters,Folk,United Kingdom,speaker,0,2.44
2033,2025-11-20,Yuki Tanaka Trio,Golden Machines,JAZZ,Japan,phone,0,9.71
1343,2025-03-16,Rosewood Lane,Electric Weather,folk,United Kingdom,tablet,0,3.26
1479,2025-04-29,Fjord & Flint,Blue Traffic,Folk,Norway,phone,1,0.95
937,01/11/2024,Fjord & Flint,Blue Ferry,Folk,Norway,phone,1,0.45
609,15/07/2024,Luz de Enero,Paper Window,Latin,Spain,phone,0,3.26
577,2024-06-30,Fjord & Flint,Open Orbit,Folk,Norway,phone,0,6.24
773,2024-09-18,Yuki Tanaka Trio,Harbour Season,JAZZ,Japan,speaker,0,6.75
2171,2025-12-28,Sara Lindqvist,Slow Mornings,Pop,Sweden,laptop,0,3.07
1773,2025-09-05,Basement Cartography,Summer Season,INDIE,Canada,laptop,0,2.8
1607,2025-06-10,Sara Lindqvist,Electric Weather,Pop,NA,speaker,0,4.86
1839,2025-09-29,Fjord & Flint,Open Orbit,FOLK,Norway,PHONE,1,0.27
559,2024-06-24,Static Meadow,Paper Parade,ROCK,United States,phone,0,5.45
1046,2024-12-04,Mireille Basset,Harbour Machines,  Jazz ,France,phone,0,5.2
1484,2025-05-01,DJ Kompas,Harbour Kitchen,Electronic,Netherlands,phone,0,4.0
1050,2024-12-06,Static Meadow,Northern Avenue,Rock,United States,PHONE,0,3.93
26,2024-01-07,Glass Tram,Broken Mornings,Electronic,Germany,phone,0,7.95
1771,2025-09-05,Sara Lindqvist,Northern Radio,Pop,Sweden,phone,0,3.51
1590,2025-06-03,Mireille Basset,Midnight Traffic,Jazz,France,phone,1,1.09
385,2024-04-25,Casa Tropicana,Hollow Tape,,Cuba,laptop,0,4.08
844,2024-10-08,Sara Lindqvist,Electric Weather,POP,Sweden,LAPTOP,0,2.55
1767,2025-09-03,Hertz Garden,Broken Kitchen,Electronic,Germany,car,0,4.61
1147,2025-01-07,Northern Signal,Golden Machines,  Electronic ,Norway,laptop ,0,6.94
1112,2024-12-27,Fjord & Flint,Open Orbit,Folk,Norway,laptop ,0,4.43
1650,2025-07-05,Fjord & Flint,Northern Avenue,Folk,Norway,speaker,0,2.94
816,02/10/2024,DJ Kompas,Harbour Kitchen,ELECTRONIC,Netherlands,phone,0,6.88
345,2024-04-10,Lagos Tape Club,Open Radio,afrobeat,Nigeria,CAR,0,4.51
1832,2025-09-25,Sara Lindqvist,Midnight Orbit,  Pop ,Sweden,car,0,3.04
1497,2025-05-04,Salon Mécanique,Velvet Machines,Jazz,Belgium,laptop,0,5.05
826,2024-10-04,DJ Kompas,Quiet Orbit,Electronic,Netherlands,laptop,0,3.14
1223,2025-01-31,Kito Ndungu,Static Tape,AFROBEAT,Kenya,car,0,3.01
583,2024-07-01,Basement Cartography,Summer Orbit,  Indie ,Canada,TABLET,0,3.06
798,25/09/2024,DJ Kompas,Paper Rooms,Electronic,Netherlands,laptop,0,7.88
473,2024-05-23,Northern Signal,Amber Lines,ELECTRONIC,Norway,laptop,0,7.67
1527,2025-05-12,DJ Kompas,Electric Mornings,,Netherlands,LAPTOP,0,5.72
902,2024-10-23,Kito Ndungu,Summer Machines,Afrobeat,Kenya,phone ,0,4.49
507,2024-06-01,Fjord & Flint,Blue Ferry,FOLK,Norway,phone,0,6.16
1679,17-07-2025,The Slow Ferry,Bright Rooms,Indie,Ireland,tablet,0,3.73 min
832,2024-10-06,The Tuesday Club,Open Lines,pop,United Kingdom,laptop,0,5.45
1160,12/01/2025,Basement Cartography,Blue Mornings,Indie,Canada,phone,0,2.84
580,2024-06-30,Glass Tram,Salt Lines,Electronic,Germany,phone,0,6.96
1820,2025-09-20,Fjord & Flint,Golden Garden,Folk,Norway,speaker,0,2.25
1407,2025-04-03,The Paper Kites Society,Amber Window,Indie,Australia,speaker,0,4.41
380,2024-04-22,Glass Tram,Broken Mornings,ELECTRONIC,Germany,PHONE,0,5.58 min
1987,2025-11-09,Hertz Garden,Blue Orbit,Electronic,NA,laptop,0,4.39
1824,22/09/2025,The Quiet Wires,Harbour Orbit,ROCK,United States,PHONE,0,
659,2024-08-08,Glass Tram,Amber Ferry,Electronic,Germany,phone,0,5.81
1309,05-03-2025,Selva Alta,Open Orbit,LATIN,Peru,laptop,0,3.54
1980,2025-11-07,Sara Lindqvist,Broken Kitchen,Pop,Sweden,LAPTOP,0,4.95 min
1396,2025-03-30,Glass Tram,Amber Ferry,Electronic,Germany,speaker,1,0.6
298,2024-03-27,Sara Lindqvist,Midnight Orbit,Pop,Sweden,TABLET,0,2.51
1751,25-08-2025,Hollow Pines,Winter Traffic,Folk,United States,laptop,0,2.81
2052,2025-11-23,The Tuesday Club,Amber Harbour,POP,United Kingdom,,0,2.82
644,2024-08-03,Casa Tropicana,Blue Machines,Latin,Cuba,phone,0,5.18
1394,2025-03-29,DJ Kompas,Hollow Radio,Electronic,NA,speaker,0,3.27
1963,02-11-2025,Fjord & Flint,Open Orbit,Folk,Norway,PHONE,0,3.74
1065,2024-12-10,Luz de Enero,Harbour Season,Latin,Spain,phone,0,4.23
1872,2025-10-10,Salon Mécanique,Paper Orbit,JAZZ,Belgium,speaker,0,5.9
1014,2024-11-25,Hollow Pines,Winter Traffic,FOLK,United States,laptop,0,5.63
1585,2025-05-31,Sara Lindqvist,Quiet Harbour,Pop,Sweden,phone,0,0.99
293,26/03/2024,DJ Kompas,Paper Signal,electronic,Netherlands,phone,0,6.19
391,2024-04-27,Static Meadow,Winter Mornings,Rock,United States,phone,0,4.36
596,2024-07-06,Sara Lindqvist,Quiet Harbour,Pop,Sweden,phone,0,4.87
2119,13/12/2025,Rosewood Lane,Paper Mornings,folk,United Kingdom,laptop,0,1.91
33,2024-01-08,Casa Tropicana,Hollow Tape,latin,Cuba,speaker,1,0.5
288,2024-03-24,DJ Kompas,Bright Ferry,electronic,Netherlands,phone,0,6.49
1318,2025-03-09,Brannon Hill,Quiet Ferry,Folk,Ireland,phone,0,5.43
362,2024-04-16,Sara Lindqvist,Quiet Harbour,Pop,Sweden,SPEAKER,1,
1895,16/10/2025,The Long Commute,Golden Radio,indie,Netherlands,laptop,0,4.2
1009,2024-11-23,The Long Commute,Hollow Mornings,indie,Netherlands,phone,0,5.24
1492,03/05/2025,DJ Kompas,Midnight Weather,ELECTRONIC,Netherlands,phone ,0,5.21
214,2024-03-05,DJ Kompas,Golden Weather,ELECTRONIC,Netherlands,phone,0,7.61
1079,14-12-2024,The Tuesday Club,Amber Harbour,POP,United Kingdom,speaker,0,4.02
1464,2025-04-24,Orquesta Bellavista,Broken Weather,Latin,Colombia,car,0,2.31
1581,2025-05-29,Nora Whitlock,Bright Garden,Pop,United States,phone,0,3.78
2179,2025-12-31,Northern Signal,Golden Machines,Electronic,Norway,TABLET,0,4.36 min
1702,30/07/2025,Yuki Tanaka Trio,Golden Window,Jazz,Japan,phone,0,8.77
778,2024-09-20,DJ Kompas,Hollow Radio,Electronic,Netherlands,phone,1,0.62
890,2024-10-20,Glass Tram,Amber Ferry,Electronic,Germany,speaker,0,6.22
1365,2025-03-21,The Quiet Wires,Golden Wires,rock,United States,,0,5.68
824,2024-10-03,DJ Kompas,Electric Mornings,Electronic,Netherlands,laptop,0,6.91
456,2024-05-16,Cassette Revival,Paper Lines,Indie,France,PHONE,0,1.89
1953,30/10/2025,Kito Ndungu,Salt Ferry,Afrobeat,Kenya,phone,1,0.89
800,2024-09-25,Sara Lindqvist,Northern Radio,Pop,Sweden,TABLET,0,3.17
451,2024-05-14,Fjord & Flint,Blue Ferry,Folk,Norway,laptop ,1,0.57
420,04/05/2024,Selva Alta,Amber Mornings,Latin,Peru,speaker ,0,5.64
1313,07-03-2025,Luz de Enero,Paper Window,Latin,Spain,CAR,0,2.03
1652,2025-07-06,Glass Tram,Amber Ferry,Electronic,Germany,laptop,1,1.56
1411,2025-04-03,Lagos Tape Club,Bright Wires,AFROBEAT,Nigeria,laptop,0,4.45
202,2024-03-01,Rosewood Lane,Summer Signal,Folk,United Kingdom,phone,0,5.01
1456,2025-04-23,Luz de Enero,Summer Rooms,Latin,Spain,speaker,0,2.34
1914,2025-10-21,Luz de Enero,Summer Rooms,Latin,Spain,phone,0,6.67
1255,2025-02-11,The Slow Ferry,Amber Garden,Indie,Ireland,speaker ,0,
1433,13/04/2025,Sara Lindqvist,Quiet Harbour,pop,Sweden,speaker,1,0.22
71,2024-01-19,Fjord & Flint,Midnight Kitchen,Folk,Norway,phone,0,1.08
1165,2025-01-12,DJ Kompas,Bright Ferry,Electronic,Netherlands,speaker,0,7.30
1658,2025-07-09,DJ Kompas,Midnight Weather,  Electronic ,Netherlands,phone,0,7.99
128,03/02/2024,Fjord & Flint,Golden Garden,  Folk ,Norway,LAPTOP,0,1.83
127,2024-02-03,Lagos Tape Club,Bright Wires,Afrobeat,Nigeria,PHONE,0,4.62
438,09-05-2024,The Paper Kites Society,Electric Radio,indie,Australia,phone,0,2.39
852,2024-10-12,Glass Tram,Broken Mornings,Electronic,Germany,phone,1,1.85
984,15/11/2024,Brannon Hill,Quiet Ferry,Folk,Ireland,laptop,0,0.4
1730,2025-08-13,Kito Ndungu,Hollow Machines,Afrobeat,Kenya,speaker,0,2.04
1514,09-05-2025,Kanto Kids,Broken Weather,POP,Philippines,speaker,0,2.04
454,2024-05-15,Sara Lindqvist,Quiet Harbour,pop,Sweden,laptop,0,5.05
1051,2024-12-07,Fjord & Flint,Golden Garden,Folk,Norway,laptop,0,5.27
333,2024-04-06,The Slow Ferry,Bright Rooms,INDIE,Ireland,,0,3.38
1037,2024-12-02,DJ Kompas,Harbour Kitchen,  Electronic ,Netherlands,laptop,0,4.61
500,30/05/2024,Marta Oliveira,Paper Avenue,Jazz,Portugal,speaker,0,8.18
450,2024-05-13,Static Meadow,Paper Parade,Rock,United States,speaker ,0,3.08
1280,2025-02-21,DJ Kompas,Midnight Weather,Electronic,Netherlands,speaker,0,3.98
1087,2024-12-17,Sara Lindqvist,Midnight Orbit,Pop,Sweden,laptop ,0,2.84
160,2024-02-14,The Quiet Wires,Harbour Orbit,Rock,United States,laptop,0,4.8
1835,2025-09-26,The Quiet Wires,Golden Wires,Rock,United States,laptop,0,5.78
2108,2025-12-10,Northern Signal,Amber Lines,Electronic,Norway,phone,0,6.14
76,20/01/2024,Salon Mécanique,Hollow Parade,Jazz,Belgium,PHONE,0,9.04
1766,2025-09-03,The Quiet Wires,Northern Tape,ROCK,United States,speaker,1,0.15
733,2024-09-06,Lagos Tape Club,Hollow Ferry,Afrobeat,Nigeria,SPEAKER,0,3.18 min
1868,2025-10-07,Basement Cartography,Blue Mornings,Indie,Canada,laptop ,0,3.69
920,2024-10-28,Fjord & Flint,Golden Garden,FOLK,Norway,car,0,2.86
2014,2025-11-15,Static Meadow,Winter Mornings,Rock,United States,car,0,5.89
1838,2025-09-28,DJ Kompas,Paper Rooms,Electronic,Netherlands,,1,1.63
